,course_type,course_name,course_link,uni_name,uni_city,scholarship_avail,course_cost,lang_of_instr,lang_level,semester_beginning,online_course
1,Short course and language course,23rd International Summer Academy Sans Souci 2021 | ISAS,https://www2.daad.de/deutschland/studienangebote/international-programmes/en/detail/4993/,University of Potsdam ,Potsdam,available,EUR 690,German,"German: B2, C1, C2","August 02 - August 27, 2021 (Registration Deadline June 15, 2021)",0
2,Language course,23rd International Winter Language School,https://www2.daad.de/deutschland/studienangebote/international-programmes/en/detail/6974/,Osnabrück University of Applied Sciences ,Osnabrück,,EUR 650,German,"German: A1, A2, B1, B2, C1, C2","February 25 - March 17, 2021 (Registration Deadline January 15, 2021)",0
3,Language course,25th International Summer Academy,https://www2.daad.de/deutschland/studienangebote/international-programmes/en/detail/4920/,Martin Luther University Halle-Wittenberg ,Lutherstadt Wittenberg,available,EUR 680,German,"German: A1, A2, B1, B2, C1, C2","June 06 - July 01, 2021 (Registration Deadline May 07, 2021), July 04 - July 29, 2021 (Registration Deadline June 04, 2021), August 08 - September 02, 2021 (Registration Deadline July 09, 2021), September 05 - September 30, 2021 (Registration Deadline August 06, 2021)",0
4,Language course,29th International Summer Language School,https://www2.daad.de/deutschland/studienangebote/international-programmes/en/detail/6975/,Osnabrück University of Applied Sciences ,Osnabrück,available,EUR 750,German,"German: A1, A2, B1, B2, C1, C2","August 23 - September 20, 2021 (Registration Deadline June 30, 2021)",0
5,Language course,3rd International Winter Academy,https://www2.daad.de/deutschland/studienangebote/international-programmes/en/detail/6324/,Martin Luther University Halle-Wittenberg ,Lutherstadt Wittenberg,,EUR 680,German,"German: A1, A2, B1, B2, C1","February 28 - March 25, 2021 (Registration Deadline January 29, 2021)",0
6,Language course,43rd International Summer Course – DSH Course (German Language Examination for Higher Education),https://www2.daad.de/deutschland/studienangebote/international-programmes/en/detail/7094/,Technische Universität Ilmenau ,Ilmenau,available,EUR 550,German,"German: B2, C1","August 31 - September 24, 2021 (Registration Deadline July 01, 2021)",0
7,Language course,43rd International Summer Course – Experiencing Germany,https://www2.daad.de/deutschland/studienangebote/international-programmes/en/detail/4907/,Technische Universität Ilmenau ,Ilmenau,available,EUR 649,German,"German: A1, A2, B1, B2, C1, C2","August 02 - August 25, 2021 (Registration Deadline July 01, 2021)",0
8,Language course,43rd International Summer Course – German for Technical Purposes,https://www2.daad.de/deutschland/studienangebote/international-programmes/en/detail/4935/,Technische Universität Ilmenau ,Ilmenau,available,EUR 699,German,"German: B2, C1, C2","August 02 - August 25, 2021 (Registration Deadline July 01, 2021)",0
9,Language course,43rd International Summer Course – Living and Studying in Germany,https://www2.daad.de/deutschland/studienangebote/international-programmes/en/detail/5029/,Technische Universität Ilmenau ,Ilmenau,available,EUR 649,German,"German: A2, B1, B2","August 31 - September 24, 2021 (Registration Deadline July 01, 2021)",0
10,Language course,48th International Summer School Trier: Germany and its Neighbouring Countries,https://www2.daad.de/deutschland/studienangebote/international-programmes/en/detail/6996/,Trier University ,Trier,available,EUR 600,German,"German: A1, A2, B1, B2, C1","August 02 - August 27, 2021 (Registration Deadline July 15, 2021)",0
11,Language course,74th International Summer Course: Germany Today,https://www2.daad.de/deutschland/studienangebote/international-programmes/en/detail/4889/,Kiel University ,Kiel,available,EUR 1050,German,"German: B1, B2, C1, C2","July 12 - August 06, 2021 (Registration Deadline May 15, 2021)",0
12,Language course,Academic German Year,https://www2.daad.de/deutschland/studienangebote/international-programmes/en/detail/7092/,University of Passau ,Passau,,EUR 3490,German,"German: A1, A2, B1, B2, C1","October, 2021 - September, 2022 (Registration Deadline June 30, 2021)",0
13,Language course,"Academic Life in Leipzig – Autumn Language Course for International Researchers, Doctoral Candidates, and Students",https://www2.daad.de/deutschland/studienangebote/international-programmes/en/detail/4960/,Leipzig University ,Leipzig,available,EUR 950,German,"German: A1, A2, B1, B2, C1","August 31 - September 25, 2021 (Registration Deadline July 30, 2021)",0
14,Short course and language course,"Animals in German Literature, Culture and Society",https://www2.daad.de/deutschland/studienangebote/international-programmes/en/detail/6345/,University of Bamberg ,Bamberg,available,EUR 600,German,"German: B1, B2, C1, C2","August 04 - August 28, 2021",0
15,Language course,Applied Linguistics for Chinese Language Teachers and Translators,https://www2.daad.de/deutschland/studienangebote/international-programmes/en/detail/6344/,Internationale Hochschule SDI München/International University SDI München ,München,,EUR 520,"German, Chinese","German: C1, C2","August 02 - August 14, 2021 (Registration Deadline June 13, 2021)",0
16,Language course,Autumn Course: Communication in Everyday and Academic Life,https://www2.daad.de/deutschland/studienangebote/international-programmes/en/detail/4926/,University of Göttingen ,Göttingen,available,EUR 499,German,"German: A1, A2, B1, B2, C1","September 06 - September 30, 2021 (Registration Deadline July 17, 2021)",0
17,Language course,"Basis-Deutsch A1: Online German Course, Level A1",https://www2.daad.de/deutschland/studienangebote/international-programmes/en/detail/5197/,g.a.s.t. / Deutsch-Uni Online ,München,,EUR 499,German,"German: A1, A2, B1, B2, C1","September 06 - September 30, 2021 (Registration Deadline July 17, 2021)","<p class=""c-badge c-badge--bottom"">
<span class=""c-icon c-badge__item c-icon__screen""></span>
<span class=""c-badge__text"">Online</span>
</p>"
18,Language course,"Basis-Deutsch A2: Online German Course, Level A2",https://www2.daad.de/deutschland/studienangebote/international-programmes/en/detail/5198/,g.a.s.t. / Deutsch-Uni Online ,München,,EUR 499,German,"German: A1, A2, B1, B2, C1","September 06 - September 30, 2021 (Registration Deadline July 17, 2021)","<p class=""c-badge c-badge--bottom"">
<span class=""c-icon c-badge__item c-icon__screen""></span>
<span class=""c-badge__text"">Online</span>
</p>"
19,Language course,Berlin in the Winter / Berlin in the Summer,https://www2.daad.de/deutschland/studienangebote/international-programmes/en/detail/4978/,Humboldt-Universität zu Berlin ,Berlin,,EUR 550 - 580,German,"German: A1, A2, B1, B2, C1, C2","January 06 - January 26, 2021 (Registration Deadline November 15, 2020), June 14 - July 09, 2021 (Registration Deadline May 15, 2021), July 19 - August 13, 2021 (Registration Deadline May 15, 2021)",0
20,Language course,Berlin Intensive: German for Technicians and Engineers,https://www2.daad.de/deutschland/studienangebote/international-programmes/en/detail/5143/,Technical University of Applied Sciences Wildau ,Berlin,available,EUR 550,German,"German: C1, B2","August 03 - August 27, 2021",0
21,Language course,Berlin Summer Courses for Academics & Professionals,https://www2.daad.de/deutschland/studienangebote/international-programmes/en/detail/5020/,Technical University of Applied Sciences Wildau ,Berlin,available,EUR 525 - 550,German,"German: A1, A2, B1, B2, C1","May 03 - June 01, 2021, June 07 - July 02, 2021, July 05 - July 30, 2021, August 03 - August 27, 2021, August 30 - September 24, 2021, September 27 - October 22, 2021",0
22,Short course and language course,Business Communication in Germany,https://www2.daad.de/deutschland/studienangebote/international-programmes/en/detail/4910/,University of Bayreuth ,Bayreuth,available,Price only on request,German,"German: B2, C1, C2","August 03 - August 27, 2021 (Registration Deadline June 15, 2021)",0
23,Language course,Business German Course in Berlin,https://www2.daad.de/deutschland/studienangebote/international-programmes/en/detail/5142/,Technical University of Applied Sciences Wildau ,Berlin,available,EUR 550,German,"German: B2, C1","July 05 - July 30, 2021",0
24,Language course,Course I - Intensive German and Cultural Studies,https://www2.daad.de/deutschland/studienangebote/international-programmes/en/detail/4887/,Catholic University of Eichstätt-Ingolstadt ,Eichstätt,available,EUR 509,German,"German: A2, B1, B2, C1, C2","July 19 - August 13, 2021 (Registration Deadline April 30, 2021)",0
25,Language course,Course II – Intensive German and German Literature,https://www2.daad.de/deutschland/studienangebote/international-programmes/en/detail/4888/,Catholic University of Eichstätt-Ingolstadt ,Eichstätt,available,EUR 509,German,"German: B2, C1, C2","July 19 - August 13, 2021 (Registration Deadline April 30, 2021)",0
26,Language course,Deutsch in Weimar,https://www2.daad.de/deutschland/studienangebote/international-programmes/en/detail/4896/,Bauhaus-Universität Weimar ,Weimar,available,EUR 650,German,"German: A1, A2, B1, B2, C1, C2","August 08 - September 03, 2021 (Registration Deadline June 15, 2021)",0
27,Language course,Deutsch und Studieren in Deutschland B2 und C1,https://www2.daad.de/deutschland/studienangebote/international-programmes/en/detail/5406/,Augsburg University of Applied Sciences ,Augsburg,,EUR 800,German,"German: B2, C1","April - July, 2021 (Registration Deadline February 28, 2021)",0
28,Language course,DSH Language Course,https://www2.daad.de/deutschland/studienangebote/international-programmes/en/detail/5446/,Otto von Guericke University Magdeburg ,Magdeburg,,Price only on request,German,"German: A2, B1, B2, C1","October, 2020 - March, 2021 (Registration Deadline September 15, 2020), January - May, 2021 (Registration Deadline December 15, 2020), June - August, 2021 (Registration Deadline May 15, 2021)",0
29,Language course,English Intensive Course: English Communication Skills & English for Academic Purposes,https://www2.daad.de/deutschland/studienangebote/international-programmes/en/detail/5350/,Bauhaus-Universität Weimar ,Weimar,,EUR 600,English,"English: B1, B2, C1","August 08 - September 03, 2021",0
30,Language course,English Language Course,https://www2.daad.de/deutschland/studienangebote/international-programmes/en/detail/6199/,University of Freiburg ,Freiburg im Breisgau,,EUR 800,English,"English: B1, B2, C1","March 01 - March 26, 2021 (Registration Deadline January 31, 2021), August 02 - August 28, 2021 (Registration Deadline June 30, 2021), September 02 - September 29, 2021 (Registration Deadline July 31, 2021)",0
31,Short course and language course,European Studies,https://www2.daad.de/deutschland/studienangebote/international-programmes/en/detail/4909/,University of Bayreuth ,Bayreuth,available,Price only on request,German,"German: B2, C1, C2","August 03 - August 27, 2021 (Registration Deadline June 15, 2021)",0
32,Language course,"Fachdeutsch: Online German Courses, Level C1",https://www2.daad.de/deutschland/studienangebote/international-programmes/en/detail/5199/,g.a.s.t. / Deutsch-Uni Online ,München,,Price only on request,German,"German: B2, C1, C2","August 03 - August 27, 2021 (Registration Deadline June 15, 2021)","<p class=""c-badge c-badge--bottom"">
<span class=""c-icon c-badge__item c-icon__screen""></span>
<span class=""c-badge__text"">Online</span>
</p>"
33,Short course and language course,Film Culture in Germany,https://www2.daad.de/deutschland/studienangebote/international-programmes/en/detail/4934/,University of Bayreuth ,Bayreuth,available,Price only on request,German,"German: B2, C1, C2","August 03 - August 27, 2021 (Registration Deadline June 15, 2021)",0
34,Short course and language course,FOKuS — Studienstart Deutsch | Preparatory Semester for International Prospective Students,https://www2.daad.de/deutschland/studienangebote/international-programmes/en/detail/5338/,Ulm University ,Ulm,,EUR 170,German,"German: B2, C1","November, 2020 - March, 2021, April - July, 2021 (Registration Deadline January 15, 2021), October, 2021 - February, 2022 (Registration Deadline July 15, 2021)",0
35,Short course and language course,FU-BEST Freie Universität Berlin European Studies Programme,https://www2.daad.de/deutschland/studienangebote/international-programmes/en/detail/6288/,Freie Universität Berlin ,Berlin,,EUR 9050,"German, English","German: A1, A2, B1, B2, C1, C2English: B2, C1","February 01 - May 21, 2021 (Registration Deadline November 01, 2020), August 23 - December 10, 2021 (Registration Deadline April 01, 2021)",0
36,Language course,German as a Foreign Language,https://www2.daad.de/deutschland/studienangebote/international-programmes/en/detail/4949/,University of Passau ,Passau,available,EUR 1109,German,"German: A1, A2, B1, B2, C1","August 11 - September 07, 2021",0
37,Language course,German as an Academic Language,https://www2.daad.de/deutschland/studienangebote/international-programmes/en/detail/7048/,Martin Luther University Halle-Wittenberg ,Halle (Saale),available,EUR 680,German,"German: B2, C1, C2","August 08 - September 02, 2021 (Registration Deadline July 09, 2021), September 05 - September 30, 2021 (Registration Deadline August 06, 2021), March 06 - March 31, 2022 (Registration Deadline February 04, 2022)",0
38,Language course,German for Business and Economics,https://www2.daad.de/deutschland/studienangebote/international-programmes/en/detail/6191/,University of Freiburg ,Freiburg im Breisgau,available,EUR 800,German,"German: B2, C1","August 02 - August 28, 2021 (Registration Deadline June 30, 2021), September 02 - September 29, 2021 (Registration Deadline July 31, 2021)",0
39,Language course,German for Legal Professions,https://www2.daad.de/deutschland/studienangebote/international-programmes/en/detail/6338/,Internationale Hochschule SDI München/International University SDI München ,München,available,EUR 660,German,"German: C1, B2","July 05 - July 30, 2021 (Registration Deadline June 13, 2021), August 02 - August 27, 2021 (Registration Deadline June 13, 2021)",0
40,Language course,German for Medical Professions,https://www2.daad.de/deutschland/studienangebote/international-programmes/en/detail/6291/,Internationale Hochschule SDI München/International University SDI München ,München,available,EUR 660,German,"German: C1, B2","July 05 - July 30, 2021 (Registration Deadline June 13, 2021), August 02 - August 27, 2021 (Registration Deadline June 13, 2021)",0
41,Language course,German for Medicine,https://www2.daad.de/deutschland/studienangebote/international-programmes/en/detail/7064/,Martin Luther University Halle-Wittenberg ,Lutherstadt Wittenberg,available,EUR 680,German,"German: C2, B2, C1","February 28 - March 25, 2021 (Registration Deadline February 05, 2021), July 04 - July 29, 2021 (Registration Deadline May 28, 2021), September 05 - September 30, 2021 (Registration Deadline August 06, 2021), March 06 - March 31, 2022 (Registration Deadline February 04, 2022)",0
42,Language course,German for Natural Sciences and Engineering,https://www2.daad.de/deutschland/studienangebote/international-programmes/en/detail/6193/,University of Freiburg ,Freiburg im Breisgau,available,EUR 800,German,"German: B2, C1","August 02 - August 28, 2021 (Registration Deadline June 30, 2021), September 02 - September 29, 2021 (Registration Deadline July 31, 2021)",0
43,Language course,"German for Science, Engineering, Planning, Building and Environment",https://www2.daad.de/deutschland/studienangebote/international-programmes/en/detail/5043/,Technische Universität Berlin ,Berlin,available,EUR 760,German,"German: A1, A2, B1, B2, C1","August 04 - August 27, 2021 (Registration Deadline June 20, 2021)",0
44,Language course,German for the Tourism Industry,https://www2.daad.de/deutschland/studienangebote/international-programmes/en/detail/6192/,University of Freiburg ,Freiburg im Breisgau,available,EUR 800,German,"German: B2, C1","August 02 - August 28, 2021 (Registration Deadline June 30, 2021)",0
45,Language course,German for University Studies - Prep Course for a Semester Abroad,https://www2.daad.de/deutschland/studienangebote/international-programmes/en/detail/4946/,Kiel University ,Kiel,,EUR 600,German,"German: A1, A2, B1","September 01 - September 29, 2021 (Registration Deadline July 08, 2021)",0
46,Language course,German in the City,https://www2.daad.de/deutschland/studienangebote/international-programmes/en/detail/4975/,Humboldt-Universität zu Berlin ,Berlin,available,EUR 870 - 920,German,"German: B1, B2, C1, C2","June 14 - July 09, 2021 (Registration Deadline May 15, 2021), November 22 - December 17, 2021 (Registration Deadline November 15, 2021)",0
47,Language course,German in the Region of Porsche and Schiller,https://www2.daad.de/deutschland/studienangebote/international-programmes/en/detail/4962/,University of Hohenheim ,Stuttgart,available,EUR 620,German,"German: A1, A2, B1, B2, C1","August 02 - August 25, 2021 (Registration Deadline June 13, 2021)",0
48,Language course,German Intensive A1.2-C2: Winter in Berlin (Module II),https://www2.daad.de/deutschland/studienangebote/international-programmes/en/detail/4932/,Humboldt-Universität zu Berlin ,Berlin,,EUR 550,German,"German: A1, A2, B1, B2, C1, C2","February 01 - February 19, 2021 (Registration Deadline December 15, 2020)",0
49,Language course,German Intensive A1.2: Summer in Berlin,https://www2.daad.de/deutschland/studienangebote/international-programmes/en/detail/5095/,Humboldt-Universität zu Berlin ,Berlin,available,EUR 850,German,German: A1,"June 21 - July 16, 2021 (Registration Deadline May 15, 2021), July 19 - August 13, 2021 (Registration Deadline June 15, 2021)",0
50,Language course,German Intensive A1.2: Winter in Berlin,https://www2.daad.de/deutschland/studienangebote/international-programmes/en/detail/5093/,Humboldt-Universität zu Berlin ,Berlin,,EUR 650,German,German: A1,"January 11 - January 29, 2021 (Registration Deadline December 15, 2020)",0
51,Language course,German Intensive A2: Summer in Berlin,https://www2.daad.de/deutschland/studienangebote/international-programmes/en/detail/5047/,Humboldt-Universität zu Berlin ,Berlin,available,EUR 850,German,German: A2,"June 21 - July 16, 2021 (Registration Deadline May 15, 2021), July 19 - August 13, 2021 (Registration Deadline June 15, 2021)",0
52,Language course,German Intensive A2: Winter in Berlin,https://www2.daad.de/deutschland/studienangebote/international-programmes/en/detail/5070/,Humboldt-Universität zu Berlin ,Berlin,,EUR 650,German,German: A2,"January 11 - January 29, 2021 (Registration Deadline December 15, 2020)",0
53,Language course,German Intensive B1-B2: German Culture and Area Studies (Summer),https://www2.daad.de/deutschland/studienangebote/international-programmes/en/detail/4989/,Humboldt-Universität zu Berlin ,Berlin,available,EUR 850,German,"German: B1, B2","June 21 - July 16, 2021 (Registration Deadline May 15, 2021), July 19 - August 13, 2021 (Registration Deadline June 15, 2021)",0
54,Language course,German Intensive B1-B2: German Culture and Area Studies (Winter),https://www2.daad.de/deutschland/studienangebote/international-programmes/en/detail/5072/,Humboldt-Universität zu Berlin ,Berlin,,EUR 650,German,"German: B1, B2","January 11 - January 29, 2021 (Registration Deadline December 15, 2020)",0
55,Language course,German Intensive B1-B2: Zoom on Berlin (Winter),https://www2.daad.de/deutschland/studienangebote/international-programmes/en/detail/5366/,Humboldt-Universität zu Berlin ,Berlin,,EUR 650,German,"German: B1, B2","January 11 - January 29, 2021 (Registration Deadline December 15, 2020)",0
56,Language course,German Intensive B1: Aha! Berlin - Perspectives (Summer),https://www2.daad.de/deutschland/studienangebote/international-programmes/en/detail/5371/,Humboldt-Universität zu Berlin ,Berlin,available,EUR 850,German,German: B1,"July 19 - August 13, 2021 (Registration Deadline June 15, 2021)",0
57,Language course,German Intensive B1: Summer in Berlin,https://www2.daad.de/deutschland/studienangebote/international-programmes/en/detail/5370/,Humboldt-Universität zu Berlin ,Berlin,available,EUR 850,German,German: B1,"June 21 - July 16, 2021 (Registration Deadline May 15, 2021)",0
58,Language course,German Intensive B2-C1: Germany in Moving Pictures (Summer),https://www2.daad.de/deutschland/studienangebote/international-programmes/en/detail/4931/,Humboldt-Universität zu Berlin ,Berlin,available,EUR 850,German,"German: B2, C1","July 19 - August 13, 2021 (Registration Deadline June 15, 2021)",0
59,Language course,German Intensive B2: Zoom on Berlin (Summer),https://www2.daad.de/deutschland/studienangebote/international-programmes/en/detail/4933/,Humboldt-Universität zu Berlin ,Berlin,available,EUR 850,German,German: B2,"June 21 - July 16, 2021 (Registration Deadline May 15, 2021), July 19 - August 13, 2021 (Registration Deadline June 15, 2021)",0
60,Language course,"German Intensive C1-C2: Nanu, die Deutschen (Summer)",https://www2.daad.de/deutschland/studienangebote/international-programmes/en/detail/5012/,Humboldt-Universität zu Berlin ,Berlin,available,EUR 850,German,"German: C1, C2","June 21 - July 16, 2021 (Registration Deadline May 15, 2021), July 19 - August 13, 2021 (Registration Deadline June 15, 2021)",0
61,Language course,"German Intensive C1-C2: Nanu, die Deutschen (Winter)",https://www2.daad.de/deutschland/studienangebote/international-programmes/en/detail/5073/,Humboldt-Universität zu Berlin ,Berlin,,EUR 650,German,"German: C1, C2","January 11 - January 29, 2021 (Registration Deadline December 15, 2020)",0
62,Language course,German Intensive C1: Berlin Artist Life - Yesterday and Today,https://www2.daad.de/deutschland/studienangebote/international-programmes/en/detail/5372/,Humboldt-Universität zu Berlin ,Berlin,available,EUR 850,German,German: C1,"July 19 - August 13, 2021 (Registration Deadline June 15, 2021)",0
63,Language course,German Intensive Language Course,https://www2.daad.de/deutschland/studienangebote/international-programmes/en/detail/7084/,Leipzig University ,Leipzig,,EUR 1575,German,"German: A2, B1, A1","June 01 - July 30, 2021 (Registration Deadline May 18, 2021), August 02 - September 30, 2021 (Registration Deadline July 19, 2021)",0
64,Language course,German Language and Culture in July,https://www2.daad.de/deutschland/studienangebote/international-programmes/en/detail/6198/,University of Freiburg ,Freiburg im Breisgau,available,EUR 800,German,"German: B1, B2, C1","July 01 - July 23, 2021 (Registration Deadline June 15, 2021)",0
65,Language course,"German Language and Culture in March, August and September",https://www2.daad.de/deutschland/studienangebote/international-programmes/en/detail/6187/,University of Freiburg ,Freiburg im Breisgau,available,EUR 800,German,"German: A1, A2, B1, B2, C1","March 01 - March 26, 2021 (Registration Deadline January 31, 2021), August 02 - August 28, 2021 (Registration Deadline June 30, 2021), September 02 - September 29, 2021 (Registration Deadline July 31, 2021)",0
66,Language course,German Language Summer Course in Würzburg,https://www2.daad.de/deutschland/studienangebote/international-programmes/en/detail/6271/,Julius-Maximilians-Universität Würzburg ,Würzburg,available,EUR 648,German,"German: A1, A2, B1, B2, C1","August 02 - August 29, 2021 (Registration Deadline June 21, 2021)",0
67,Language course,German Language Winter Programme,https://www2.daad.de/deutschland/studienangebote/international-programmes/en/detail/5137/,Philipps-Universität Marburg ,Marburg,,EUR 900,German,"German: A1, A2, B1, B2, C1, C2","January 02 - February 19, 2021 (Registration Deadline November 30, 2020)",0
68,Language course,"German Language, Culture and Regional Studies",https://www2.daad.de/deutschland/studienangebote/international-programmes/en/detail/4900/,Bremen University of Applied Sciences ,Bremen,available,EUR 800,German,"German: A1, A2, B1, B2, C1, C2","July 04 - July 29, 2021 (Registration Deadline April 01, 2021)",0
69,Language course,"German Language: Learn the Language, Understand the Culture, See Berlin!",https://www2.daad.de/deutschland/studienangebote/international-programmes/en/detail/4928/,Hochschule für Wirtschaft und Recht Berlin ,Berlin,,EUR 690,German,"German: A1, A2","July 04 - July 24, 2021 (Registration Deadline April 01, 2021)",0
70,Language course,German Summer Courses in Munich – Language and Culture,https://www2.daad.de/deutschland/studienangebote/international-programmes/en/detail/7012/,Internationale Hochschule SDI München/International University SDI München ,München,available,EUR 480 - 880,German,"German: A1, A2, B1, B2, C1","July 05 - July 30, 2021 (Registration Deadline June 13, 2021), July 05 - August 27, 2021 (Registration Deadline June 13, 2021), August 02 - August 27, 2021 (Registration Deadline June 13, 2021)",0
71,Language course,German Teacher Training,https://www2.daad.de/deutschland/studienangebote/international-programmes/en/detail/6197/,University of Freiburg ,Freiburg im Breisgau,available,EUR 800,German,"German: C1, C2","August 02 - August 28, 2021 (Registration Deadline June 30, 2021)",0
72,Short course and language course,German Technical Terminology for Russian Interpreters,https://www2.daad.de/deutschland/studienangebote/international-programmes/en/detail/7085/,Internationale Hochschule SDI München/International University SDI München ,München,available,EUR 650,"German, Russian","German: B2, C1, C2","September 01 - September 28, 2021 (Registration Deadline July 18, 2021)",0
73,Language course,German+ Sustainability (B1–C1),https://www2.daad.de/deutschland/studienangebote/international-programmes/en/detail/7091/,Martin Luther University Halle-Wittenberg ,Lutherstadt Wittenberg,available,EUR 680,German,"German: B1, B2, C1","February 28 - March 25, 2021 (Registration Deadline January 29, 2021), July 04 - July 29, 2021 (Registration Deadline June 04, 2021), September 05 - September 30, 2021 (Registration Deadline August 06, 2021)",0
74,Language course,Get Ready for Your Study Abroad,https://www2.daad.de/deutschland/studienangebote/international-programmes/en/detail/4929/,Martin Luther University Halle-Wittenberg ,Halle (Saale),available,EUR 680,German,"German: B2, C1, A2, B1, A1","September 05 - September 30, 2021 (Registration Deadline August 06, 2021), March 06 - March 31, 2022 (Registration Deadline February 04, 2022)",0
75,Language course,Goettingen Online Intensive,https://www2.daad.de/deutschland/studienangebote/international-programmes/en/detail/7096/,University of Göttingen ,Göttingen,,EUR 680,German,"German: B2, C1, A2, B1, A1","September 05 - September 30, 2021 (Registration Deadline August 06, 2021), March 06 - March 31, 2022 (Registration Deadline February 04, 2022)","<p class=""c-badge c-badge--bottom"">
<span class=""c-icon c-badge__item c-icon__screen""></span>
<span class=""c-badge__text"">Online</span>
</p>"
76,Short course and language course,Hessen International Summer University Marburg,https://www2.daad.de/deutschland/studienangebote/international-programmes/en/detail/4890/,Philipps-Universität Marburg ,Marburg,,EUR 2100,"German, English","German: A1, A2, B1, B2, C1, C2English: B2","July 17 - August 14, 2021 (Registration Deadline June 15, 2021)",0
77,Short course and language course,Hessen:International Summer University (ISU) – German Engineering and Language,https://www2.daad.de/deutschland/studienangebote/international-programmes/en/detail/7093/,TU Darmstadt ,Darmstadt,,EUR 2500,"German, English","German: A1, A2, B1English: A1, A2, B1, B2, C1, C2","July 04 - July 31, 2021",0
78,Short course and language course,In Transition to a Pure Green Energy Economy,https://www2.daad.de/deutschland/studienangebote/international-programmes/en/detail/5049/,Hochschule Darmstadt University of Applied Sciences ,Darmstadt,,EUR 1990,English,"English: B2, C1, C2, B1","June 13 - July 10, 2021 (Registration Deadline April 30, 2021)",0
79,Language course,Intensive Course for Advanced Learners (Level B1 and B2),https://www2.daad.de/deutschland/studienangebote/international-programmes/en/detail/4967/,Leibniz Universität Hannover ,Hannover,available,EUR 620,German,"German: B1, B2","July 05 - July 29, 2021 (Registration Deadline May 01, 2021), August 05 - August 31, 2021 (Registration Deadline June 01, 2021)",0
80,Language course,Intensive Course German as a Foreign Language,https://www2.daad.de/deutschland/studienangebote/international-programmes/en/detail/4939/,Offenburg University of Applied Sciences ,Offenburg,available,EUR 520,German,"German: A1, A2, B1, B2, C1","September 06 - October 01, 2021 (Registration Deadline July 15, 2021)",0
81,Language course,Intensive Course Interpretation,https://www2.daad.de/deutschland/studienangebote/international-programmes/en/detail/5497/,Johannes Gutenberg University Mainz ,Germersheim,available,EUR 690,German,"German: C1, C2","July 26 - August 18, 2021 (Registration Deadline June 27, 2021)",0
82,Language course,Intensive German Course - Aachener Sprachsommer 2021,https://www2.daad.de/deutschland/studienangebote/international-programmes/en/detail/4955/,FH Aachen University of Applied Sciences ,Aachen,available,EUR 530,German,"German: A1, A2, B1, B2, C1","July 05 - July 30, 2021 (Registration Deadline May 31, 2021), August 02 - August 27, 2021 (Registration Deadline June 30, 2021)",0
83,Language course,Intensive German Course for Beginners (only level A2),https://www2.daad.de/deutschland/studienangebote/international-programmes/en/detail/4966/,Leibniz Universität Hannover ,Hannover,available,EUR 620,German,German: A2,"August 05 - August 31, 2021 (Registration Deadline June 01, 2021)",0
84,Language course,Intensive German Language and Culture Course at Five Levels,https://www2.daad.de/deutschland/studienangebote/international-programmes/en/detail/4999/,Freie Universität Berlin ,Berlin,,EUR 1650,German,"German: A1, A2, B1, B2, C1, C2","July 17 - August 14, 2021 (Registration Deadline June 19, 2021)",0
85,Language course,Intensive German Language and Culture Course at Five Levels,https://www2.daad.de/deutschland/studienangebote/international-programmes/en/detail/5000/,Freie Universität Berlin ,Berlin,,EUR 2475,German,"German: A1, A2, B1, B2, C1, C2","May 29 - July 10, 2021 (Registration Deadline May 01, 2021)",0
86,Language course,Intensive German Language Course,https://www2.daad.de/deutschland/studienangebote/international-programmes/en/detail/6279/,Ludwig-Maximilians-Universität München ,München,available,EUR 550,German,"German: A1, A2, B1, B2, C1","February 03 - March 01, 2021 (Registration Deadline December 15, 2020), March 08 - March 31, 2021 (Registration Deadline December 15, 2020), July 08 - August 03, 2021 (Registration Deadline June 24, 2021), August 04 - August 27, 2021 (Registration Deadline June 24, 2021), September 06 - September 29, 2021 (Registration Deadline August 23, 2021)",0
87,Language course,Intensive Language Course Advanced German C2,https://www2.daad.de/deutschland/studienangebote/international-programmes/en/detail/4992/,Martin Luther University Halle-Wittenberg ,Lutherstadt Wittenberg,available,EUR 680,German,German: C2,"July 04 - July 29, 2021 (Registration Deadline June 04, 2021)",0
88,Short course and language course,International & European Studies: Summer School on European Politics and Human Rights,https://www2.daad.de/deutschland/studienangebote/international-programmes/en/detail/5061/,University of Tübingen ,Tübingen,,EUR 2000,"German, English","German: A1, A2, B1, B2English: B2, C1, C2","June 07 - July 02, 2021 (Registration Deadline March 31, 2021)",0
89,Short course and language course,"International & European Studies: Summer School on European Politics, History, and Economy",https://www2.daad.de/deutschland/studienangebote/international-programmes/en/detail/6326/,University of Tübingen ,Tübingen,,EUR 2800,"German, English","German: A1, A2, B1, B2English: B2, C1, C2","July 12 - August 20, 2021 (Registration Deadline April 30, 2021)",0
90,Short course and language course,International & European Studies: Winter School on European Politics and Economy,https://www2.daad.de/deutschland/studienangebote/international-programmes/en/detail/5103/,University of Tübingen ,Tübingen,,EUR 2000,"German, English","German: A1, A2, B1, B2English: B2, C1, C2","January 04 - January 29, 2021 (Registration Deadline September 30, 2020)",0
91,Language course,International German Summer Course A2,https://www2.daad.de/deutschland/studienangebote/international-programmes/en/detail/5421/,Bielefeld University ,Bielefeld,available,EUR 640,German,German: A2,"August 06 - September 01, 2021 (Registration Deadline June 30, 2021)",0
92,Language course,International German Summer Course B1,https://www2.daad.de/deutschland/studienangebote/international-programmes/en/detail/5059/,Bielefeld University ,Bielefeld,available,EUR 640,German,German: B1,"August 06 - September 01, 2021 (Registration Deadline June 30, 2021)",0
93,Language course,International German Summer Course B2/C1 + Language Project Academic German,https://www2.daad.de/deutschland/studienangebote/international-programmes/en/detail/5090/,Bielefeld University ,Bielefeld,available,EUR 640,German,"German: B2, C1","August 06 - September 01, 2021 (Registration Deadline June 30, 2021)",0
94,Language course,International German Summer Course B2/C1 + Language Project Economics,https://www2.daad.de/deutschland/studienangebote/international-programmes/en/detail/5086/,Bielefeld University ,Bielefeld,available,EUR 640,German,"German: B2, C1","August 06 - September 01, 2021 (Registration Deadline June 30, 2021)",0
95,Language course,International German Summer Course B2/C1 + Language Project Law,https://www2.daad.de/deutschland/studienangebote/international-programmes/en/detail/5087/,Bielefeld University ,Bielefeld,available,EUR 640,German,"German: B2, C1","August 06 - September 01, 2021 (Registration Deadline June 30, 2021)",0
96,Language course,International German Summer Course B2/C1 + Language Project Mechatronics,https://www2.daad.de/deutschland/studienangebote/international-programmes/en/detail/5088/,Bielefeld University ,Bielefeld,available,EUR 640,German,"German: B2, C1","August 06 - September 01, 2021 (Registration Deadline June 30, 2021)",0
97,Language course,International German Summer Course B2/C1 + Language Project Society and Politics,https://www2.daad.de/deutschland/studienangebote/international-programmes/en/detail/5089/,Bielefeld University ,Bielefeld,available,EUR 640,German,"German: B2, C1","August 06 - September 01, 2021 (Registration Deadline June 30, 2021)",0
98,Language course,International German Summer Course TestDaF (Training and Examination),https://www2.daad.de/deutschland/studienangebote/international-programmes/en/detail/5121/,Bielefeld University ,Bielefeld,available,EUR 835,German,German: C1,"August 06 - September 01, 2021 (Registration Deadline June 30, 2021)",0
99,Short course and language course,International Marketing and Sales,https://www2.daad.de/deutschland/studienangebote/international-programmes/en/detail/5138/,Hochschule Darmstadt University of Applied Sciences ,Darmstadt,,EUR 1990,English,"English: B2, C1, C2, B1","December 29, 2020 - January 16, 2021 (Registration Deadline November 15, 2020)",0
100,Language course,International Spring Course,https://www2.daad.de/deutschland/studienangebote/international-programmes/en/detail/5044/,Justus Liebig University Giessen ,Gießen,,EUR 570,German,"German: A1, A2, B1, B2, C1","March 04 - March 26, 2021 (Registration Deadline January 15, 2021)",0
101,Language course,International Summer Academy – Intensive Course for German Language and Culture,https://www2.daad.de/deutschland/studienangebote/international-programmes/en/detail/4983/,University of Mannheim ,Mannheim,available,EUR 685,German,"German: A1, A2, B1, B2, C1, C2","August 02 - August 30, 2021 (Registration Deadline June 15, 2021)",0
102,Language course,International Summer Course,https://www2.daad.de/deutschland/studienangebote/international-programmes/en/detail/4899/,University of Tübingen ,Tübingen,available,EUR 660,German,"German: A2, B1, B2, C1","August 02 - August 28, 2021 (Registration Deadline June 30, 2021)",0
103,Language course,International Summer Course,https://www2.daad.de/deutschland/studienangebote/international-programmes/en/detail/4902/,Justus Liebig University Giessen ,Gießen,available,EUR 770,German,"German: A1, A2, B1, B2, C1, C2","August 26 - September 24, 2021 (Registration Deadline July 15, 2021)",0
104,Language course,International Summer Course for German Language and Culture,https://www2.daad.de/deutschland/studienangebote/international-programmes/en/detail/4894/,University of Münster ,Münster,available,EUR 530,German,"German: A2, B1, B2, C1","August 04 - August 27, 2021 (Registration Deadline June 18, 2021)",0
105,Language course,International Summer Course: German for Economists,https://www2.daad.de/deutschland/studienangebote/international-programmes/en/detail/5037/,University of Münster ,Münster,available,EUR 670,German,"German: B2, C1","August 04 - August 27, 2021 (Registration Deadline June 18, 2021)",0
106,Language course,International Summer Course: German for Medicine,https://www2.daad.de/deutschland/studienangebote/international-programmes/en/detail/5034/,University of Münster ,Münster,available,EUR 670,German,"German: B2, C1","August 04 - August 27, 2021 (Registration Deadline June 18, 2021)",0
107,Language course,International Summer Course: German Language for Lawyers,https://www2.daad.de/deutschland/studienangebote/international-programmes/en/detail/4963/,University of Münster ,Münster,available,EUR 670,German,"German: B2, C1","August 04 - August 27, 2021 (Registration Deadline June 18, 2021)",0
108,Language course,International Summer Programme,https://www2.daad.de/deutschland/studienangebote/international-programmes/en/detail/4901/,University of Augsburg ,Augsburg,available,EUR 380,German,"German: B2, C1, C2","July 26 - August 20, 2021 (Registration Deadline May 31, 2021)",0
109,Language course,International Summer School,https://www2.daad.de/deutschland/studienangebote/international-programmes/en/detail/7018/,Hamburg University of Technology ,Hamburg,available,EUR 675,German,"German: A2, B1, B2, C1","July 05 - July 30, 2021, August 03 - August 30, 2021",0
110,Language course,International Summer School - German as a Foreign Language - in Magdeburg,https://www2.daad.de/deutschland/studienangebote/international-programmes/en/detail/4968/,Otto von Guericke University Magdeburg ,Magdeburg,available,EUR 525,German,"German: B1, B2, C1","August 09 - August 27, 2021 (Registration Deadline July 01, 2021)",0
111,Language course,"International Summer School for German Language, Culture and Language Teaching",https://www2.daad.de/deutschland/studienangebote/international-programmes/en/detail/5010/,Friedrich Schiller University Jena ,Jena,available,EUR 590,German,"German: A2, B1, B2, C1, C2","August 09 - September 03, 2021 (Registration Deadline July 15, 2021)",0
112,Language course,International Summer School of German Language and Culture,https://www2.daad.de/deutschland/studienangebote/international-programmes/en/detail/4891/,Universität Heidelberg ,Heidelberg,available,EUR 670,German,"German: A1, A2, B1, B2, C1, C2","July 29 - August 25, 2021 (Registration Deadline June 15, 2021)",0
113,Language course,International Summer University: Intensive German,https://www2.daad.de/deutschland/studienangebote/international-programmes/en/detail/5250/,Leuphana University Lüneburg ,Lüneburg,available,EUR 550,German,"German: A1, A2, B1, B2","August 03 - August 30, 2021 (Registration Deadline July 03, 2021)",0
114,Language course,"International Winter, Spring, Summer and Autumn Courses",https://www2.daad.de/deutschland/studienangebote/international-programmes/en/detail/6124/,Technische Universität Dresden ,Dresden,available,EUR 670,German,"German: A1, A2, B1, B2, C1, C2","February 15 - March 12, 2021 (Registration Deadline February 15, 2021), March 01 - March 26, 2021 (Registration Deadline March 01, 2021), March 08 - April 01, 2021 (Registration Deadline March 08, 2021), June 14 - July 09, 2021 (Registration Deadline June 14, 2021), July 12 - August 06, 2021 (Registration Deadline July 12, 2021), August 09 - September 03, 2021 (Registration Deadline August 09, 2021), September 06 - October 01, 2021 (Registration Deadline September 06, 2021)",0
115,Short course and language course,Introduction to German Law and German Legal Language,https://www2.daad.de/deutschland/studienangebote/international-programmes/en/detail/4959/,University of Bayreuth ,Bayreuth,available,Price only on request,German,"German: C1, C2","August 03 - August 27, 2021 (Registration Deadline June 15, 2021)",0
116,Short course and language course,IWU: German Cultural Studies | International Winter School,https://www2.daad.de/deutschland/studienangebote/international-programmes/en/detail/5482/,University of Kassel ,Kassel,,EUR 2190,"English, German","German: A1, A2, B1, B2, C1, C2English: B2, C1, C2","December 29, 2020 - January 18, 2021",0
117,Short course and language course,Journalism and Media Culture in Germany,https://www2.daad.de/deutschland/studienangebote/international-programmes/en/detail/4987/,University of Bayreuth ,Bayreuth,available,Price only on request,German,"German: B2, C1, C2","August 03 - August 27, 2021 (Registration Deadline June 15, 2021)",0
118,Short course and language course,Language and Society in Modern Germany,https://www2.daad.de/deutschland/studienangebote/international-programmes/en/detail/4906/,University of Bayreuth ,Bayreuth,available,Price only on request,German,"German: A1, A2, B1, B2, C1, C2","August 03 - August 27, 2021 (Registration Deadline June 15, 2021)",0
119,Language course,Language – Science Events – Intercultural Learning,https://www2.daad.de/deutschland/studienangebote/international-programmes/en/detail/4912/,University of Bremen ,Bremen,available,EUR 690,German,"German: A1, A2, B1, B2, C1","July 19 - August 13, 2021 (Registration Deadline June 07, 2021), August 16 - September 10, 2021 (Registration Deadline July 05, 2021)",0
120,Language course,"Language, Country and Intercultural Encounters",https://www2.daad.de/deutschland/studienangebote/international-programmes/en/detail/5013/,University of Vechta ,Vechta,available,EUR 380,German,"German: B2, C1","August 10 - September 02, 2021 (Registration Deadline April 30, 2021)",0
121,Language course,Languages Build Bridges – Summer Language Programme,https://www2.daad.de/deutschland/studienangebote/international-programmes/en/detail/4919/,Leipzig University ,Leipzig,available,EUR 950,German,"German: A1, A2, B1, B2, C1","June 01 - June 26, 2021 (Registration Deadline May 03, 2021), July 05 - July 30, 2021 (Registration Deadline June 06, 2021), August 02 - August 27, 2021 (Registration Deadline July 04, 2021)",0
122,Language course,Legal Terminology - Introduction to German Law,https://www2.daad.de/deutschland/studienangebote/international-programmes/en/detail/4913/,Bremen University of Applied Sciences ,Bremen,available,EUR 800,German,"German: B2, C1, C2","July 04 - July 29, 2021 (Registration Deadline April 01, 2021)",0
123,Language course,Let's Get Started,https://www2.daad.de/deutschland/studienangebote/international-programmes/en/detail/6139/,Deggendorf Institute of Technology ,Deggendorf,,EUR 1800,German,"German: B1, B2, C1","March 11 - July 15, 2021 (Registration Deadline November 30, 2020)",0
124,Short course and language course,Literature Updated – Germany 2021,https://www2.daad.de/deutschland/studienangebote/international-programmes/en/detail/5402/,Martin Luther University Halle-Wittenberg ,Lutherstadt Wittenberg,available,EUR 680,German,"German: C2, B2, C1","July 04 - July 29, 2021 (Registration Deadline May 28, 2021)",0
125,Language course,Medical German,https://www2.daad.de/deutschland/studienangebote/international-programmes/en/detail/6196/,University of Freiburg ,Freiburg im Breisgau,available,EUR 800,German,"German: B2, C1","August 02 - August 28, 2021 (Registration Deadline June 30, 2021), September 02 - September 29, 2021 (Registration Deadline July 31, 2021)",0
126,Short course and language course,MISU at LMU: European Studies + German Language Course: Vienna - Munich - Prague,https://www2.daad.de/deutschland/studienangebote/international-programmes/en/detail/5356/,Ludwig-Maximilians-Universität München ,München,,EUR 2750,English,"English: B2, C1","July 13 - August 28, 2021 (Registration Deadline April 01, 2021)",0
127,Language course,MISU at LMU: Fit for B1 Certificate,https://www2.daad.de/deutschland/studienangebote/international-programmes/en/detail/5519/,Ludwig-Maximilians-Universität München ,München,available,EUR 1070,German,"German: B1, A2","August 04 - August 27, 2021 (Registration Deadline July 01, 2021)",0
128,Language course,MISU at LMU: Fit for B2 Certificate,https://www2.daad.de/deutschland/studienangebote/international-programmes/en/detail/6272/,Ludwig-Maximilians-Universität München ,München,available,EUR 1070,German,"German: B1, B2","August 04 - August 27, 2021 (Registration Deadline July 01, 2021)",0
129,Language course,MISU at LMU: Fit for DSH and TestDaF,https://www2.daad.de/deutschland/studienangebote/international-programmes/en/detail/6278/,Ludwig-Maximilians-Universität München ,München,available,EUR 1070,German,"German: B2, C1","August 04 - August 27, 2021 (Registration Deadline July 01, 2021)",0
130,Language course,MISU at LMU: Fit for Management and Job,https://www2.daad.de/deutschland/studienangebote/international-programmes/en/detail/6277/,Ludwig-Maximilians-Universität München ,München,available,EUR 1070,German,"German: B2, C1","August 04 - August 27, 2021 (Registration Deadline July 01, 2021)",0
131,Language course,MISU at LMU: Fit for Study and Academic Purposes,https://www2.daad.de/deutschland/studienangebote/international-programmes/en/detail/6276/,Ludwig-Maximilians-Universität München ,München,available,EUR 1070,German,"German: C1, C2","August 04 - August 27, 2021 (Registration Deadline July 01, 2021)",0
132,Language course,MISU at LMU: German Class and Study Preparation,https://www2.daad.de/deutschland/studienangebote/international-programmes/en/detail/4927/,Ludwig-Maximilians-Universität München ,München,,EUR 850,German,"German: A1, A2, B1, B2, C1, C2","March 03 - March 30, 2021 (Registration Deadline February 01, 2021), September 03 - September 29, 2021 (Registration Deadline August 01, 2021)",0
133,Language course,MISU at LMU: Summer German Language Course,https://www2.daad.de/deutschland/studienangebote/international-programmes/en/detail/4897/,Ludwig-Maximilians-Universität München ,München,available,EUR 1070,German,"German: A1, A2, B1, B2, C1","August 03 - August 28, 2021 (Registration Deadline June 01, 2021)",0
134,Short course and language course,Music and Musical Life in Germany,https://www2.daad.de/deutschland/studienangebote/international-programmes/en/detail/4908/,University of Bayreuth ,Bayreuth,available,Price only on request,German,"German: B1, B2, C1, C2","August 03 - August 27, 2021 (Registration Deadline June 15, 2021)",0
135,Language course,"Online Course: German Language and Culture –Semi-Intensive German Language, on different levels: A1, A2, B1",https://www2.daad.de/deutschland/studienangebote/international-programmes/en/detail/7132/,Freie Universität Berlin ,Berlin,,Price only on request,German,"German: B1, B2, C1, C2","August 03 - August 27, 2021 (Registration Deadline June 15, 2021)","<p class=""c-badge c-badge--bottom"">
<span class=""c-icon c-badge__item c-icon__screen""></span>
<span class=""c-badge__text"">Online</span>
</p>"
136,Language course,Preparation for the TestDaF Exam,https://www2.daad.de/deutschland/studienangebote/international-programmes/en/detail/4911/,University of Bayreuth ,Bayreuth,available,Price only on request,German,"German: B2, C1, C2","August 03 - August 27, 2021 (Registration Deadline June 15, 2021)",0
137,Language course,Prepare for University – Intensive German A2-C1 TestDaF / telc C1 Hochschule,https://www2.daad.de/deutschland/studienangebote/international-programmes/en/detail/5432/,Martin Luther University Halle-Wittenberg ,Halle (Saale),,EUR 1220,German,"German: A2, B1, B2, C1","September 07 - November 06, 2020 (Registration Deadline August 28, 2020), November 16, 2020 - February 05, 2021 (Registration Deadline November 06, 2020), June 06 - August 14, 2021 (Registration Deadline May 07, 2021)",0
138,Language course,Seaside Summer Classes in German - Learn German at the Coast 2021,https://www2.daad.de/deutschland/studienangebote/international-programmes/en/detail/5272/,Jade University of Applied Sciences Wilhelmshaven/Oldenburg/Elsfleth ,Wilhelmshaven,available,EUR 580,German,"German: A1, A2, B1, B2, C1, C2","July 27 - August 19, 2021 (Registration Deadline June 15, 2021)",0
139,Language course,Semi-Intensive German Language and Culture Course at Five Levels,https://www2.daad.de/deutschland/studienangebote/international-programmes/en/detail/4938/,Freie Universität Berlin ,Berlin,,EUR 1650,German,"German: A1, A2, B1, B2, C1, C2","May 29 - July 10, 2021 (Registration Deadline May 01, 2021)",0
140,Language course,Semi-Intensive German Language and Culture Course at Five Levels,https://www2.daad.de/deutschland/studienangebote/international-programmes/en/detail/4998/,Freie Universität Berlin ,Berlin,,EUR 1100,German,"German: A1, A2, B1, B2, C1, C2","July 17 - August 14, 2021 (Registration Deadline June 19, 2021)",0
141,Language course,Semi-Intensive German Language and Culture Course at Five Levels,https://www2.daad.de/deutschland/studienangebote/international-programmes/en/detail/5035/,Freie Universität Berlin ,Berlin,,EUR 1100,German,"German: A1, A2, B1, B2, C1, C2","January 04 - January 27, 2021 (Registration Deadline December 07, 2020)",0
142,Language course,Special Course in Business German,https://www2.daad.de/deutschland/studienangebote/international-programmes/en/detail/4893/,Universität Heidelberg ,Heidelberg,available,EUR 670,German,"German: B2, C1, C2","July 29 - August 25, 2021 (Registration Deadline June 15, 2021)",0
143,Language course,Spring Course: Communication in Everyday and Academic Life,https://www2.daad.de/deutschland/studienangebote/international-programmes/en/detail/4925/,University of Göttingen ,Göttingen,,EUR 499,German,"German: A2, B1, B2, C1","March 03 - March 26, 2021 (Registration Deadline January 31, 2021)",0
144,Language course,"Study in Germany, DSH/TestDaF Preparation",https://www2.daad.de/deutschland/studienangebote/international-programmes/en/detail/4969/,Leibniz Universität Hannover ,Hannover,available,EUR 620,German,"German: B2, C1","August 05 - August 31, 2021 (Registration Deadline June 01, 2021)",0
145,Language course,Summer Academy – German as a Foreign Language in Theory and Practice,https://www2.daad.de/deutschland/studienangebote/international-programmes/en/detail/4895/,Leipzig University ,Leipzig,available,EUR 950,German,"German: B2, C1, C2","July 05 - July 30, 2021 (Registration Deadline June 06, 2021)",0
146,Language course,Summer Course: Learn German at University in Charming Göttingen,https://www2.daad.de/deutschland/studienangebote/international-programmes/en/detail/4904/,University of Göttingen ,Göttingen,available,EUR 675,German,"German: A1, A2, B1, B2, C1","August 02 - August 28, 2021 (Registration Deadline June 11, 2021)",0
147,Language course,Summer Courses at Heinrich Heine University: Two / Four Weeks,https://www2.daad.de/deutschland/studienangebote/international-programmes/en/detail/4979/,Heinrich Heine University Düsseldorf ,Düsseldorf,available,EUR 275,German,"German: A2, B1, B2, C1","August 02 - August 27, 2021",0
148,Language course,Summer German Intensive Courses,https://www2.daad.de/deutschland/studienangebote/international-programmes/en/detail/5125/,Aschaffenburg University of Applied Sciences ,Aschaffenburg,,EUR 299,German,"German: A1, A2, B1, B2","August 02 - August 27, 2021 (Registration Deadline July 01, 2021)",0
149,Short course and language course,Summer@Uni-Mainz 2021 – International Summer School Johannes Gutenberg University Mainz,https://www2.daad.de/deutschland/studienangebote/international-programmes/en/detail/6997/,Johannes Gutenberg University Mainz ,Mainz,,EUR 2200,German,"German: A1, A2, B1, B2, C1, C2","August 02 - August 27, 2021 (Registration Deadline April 01, 2021)",0
150,Language course,Technical German for Medicine,https://www2.daad.de/deutschland/studienangebote/international-programmes/en/detail/7081/,University of Bayreuth ,Bayreuth,available,Price only on request,German,"German: B2, C1, C2","August 03 - August 27, 2021 (Registration Deadline June 15, 2021)",0
151,Language course,"TestDaF-Training: Online Preparatory Course for the TestDaF, Level B2",https://www2.daad.de/deutschland/studienangebote/international-programmes/en/detail/5201/,g.a.s.t. / Deutsch-Uni Online ,München,,Price only on request,German,"German: B2, C1, C2","August 03 - August 27, 2021 (Registration Deadline June 15, 2021)","<p class=""c-badge c-badge--bottom"">
<span class=""c-icon c-badge__item c-icon__screen""></span>
<span class=""c-badge__text"">Online</span>
</p>"
152,Language course,Training for German as a Foreign Language (GFL) Teachers and Graduates of German Studies,https://www2.daad.de/deutschland/studienangebote/international-programmes/en/detail/4892/,Universität Heidelberg ,Heidelberg,available,EUR 670,German,"German: C1, C2","July 29 - August 25, 2021 (Registration Deadline June 15, 2021)",0
153,Short course and language course,Training for Teachers of German as a Foreign Language,https://www2.daad.de/deutschland/studienangebote/international-programmes/en/detail/5017/,University of Bayreuth ,Bayreuth,available,Price only on request,German,"German: C1, C2","August 03 - August 27, 2021 (Registration Deadline June 15, 2021)",0
154,Language course,Translation/Basics of Interpretation,https://www2.daad.de/deutschland/studienangebote/international-programmes/en/detail/5498/,Johannes Gutenberg University Mainz ,Germersheim,available,EUR 630,German,"German: B2, C1","July 26 - August 18, 2021 (Registration Deadline June 27, 2021)",0
155,Language course,"Uni-Deutsch: Online German Courses, Level B1/B2",https://www2.daad.de/deutschland/studienangebote/international-programmes/en/detail/5200/,g.a.s.t. / Deutsch-Uni Online ,München,,EUR 630,German,"German: B2, C1","July 26 - August 18, 2021 (Registration Deadline June 27, 2021)","<p class=""c-badge c-badge--bottom"">
<span class=""c-icon c-badge__item c-icon__screen""></span>
<span class=""c-badge__text"">Online</span>
</p>"
156,Language course,University Winter Course in Freiburg,https://www2.daad.de/deutschland/studienangebote/international-programmes/en/detail/6184/,University of Freiburg ,Freiburg im Breisgau,,EUR 1100,German,"German: B1, B2, C1","January 05 - February 13, 2021",0
