,Unnamed: 0,course_type,course_name,course_link,uni_name,german_cities_x,finan_support,lang_of_instr,dura_of_study,semester_beginning,superv_type,german_cities_dup,german_cities_y,german_states
0,1,PhD / Doctorate,a.r.t.e.s. Graduate School for the Humanities Cologne,https://www2.daad.de/deutschland/studienangebote/international-programmes/en/detail/4100/,University of Cologne ,Köln,inquire,"German, English",6 semesters,Summer semester,Structured research and supervision,Cologne,Cologne,North Rhine-Westphalia
1,2,PhD / Doctorate,Abbe School of Photonics – PhD/Doctoral Programme,https://www2.daad.de/deutschland/studienangebote/international-programmes/en/detail/4341/,Friedrich Schiller University Jena ,Jena,inquire,English,6 semesters,Any time,Structured research and supervision,Jena,Jena,Thuringia
2,3,PhD / Doctorate,Advanced Materials PhD Programme,https://www2.daad.de/deutschland/studienangebote/international-programmes/en/detail/3610/,Osnabrück University ,Osnabrück,inquire,"German, English",6 semesters,"Winter semester, Summer semester",Structured research and supervision,Osnabrück,Osnabrück,Lower Saxony
3,4,PhD / Doctorate,Advanced Medical Physics for Image-Guided Cancer Therapy (GRK 2274),https://www2.daad.de/deutschland/studienangebote/international-programmes/en/detail/5340/,Ludwig-Maximilians-Universität München ,München,inquire,"German, English",6 semesters,"Winter semester, Summer semester",Structured research and supervision,Munich,Munich,Bavaria
4,5,PhD / Doctorate,Albrecht Mendelssohn Bartholdy Graduate School of Law,https://www2.daad.de/deutschland/studienangebote/international-programmes/en/detail/4764/,Universität Hamburg ,Hamburg,inquire,"German, English",6 semesters,Winter semester,Structured research and supervision,Hamburg,Hamburg,Hamburg
5,6,PhD / Doctorate,Applied Statistics and Empirical Methods,https://www2.daad.de/deutschland/studienangebote/international-programmes/en/detail/6112/,University of Göttingen ,Göttingen,inquire,"German, English",6 semesters,Winter semester,Structured research and supervision,Göttingen,Göttingen,Lower Saxony
6,7,PhD / Doctorate,Atherosclerosis - Mechanisms and Networks of Novel Therapeutic Targets (CRC1123),https://www2.daad.de/deutschland/studienangebote/international-programmes/en/detail/5631/,Ludwig-Maximilians-Universität München ,München,inquire,English,6 semesters,Any time,Structured research and supervision,Munich,Munich,Bavaria
7,8,Graduate school,Bamberg Graduate School of Social Sciences (BAGSS),https://www2.daad.de/deutschland/studienangebote/international-programmes/en/detail/7097/,University of Bamberg ,Bamberg,inquire,English,6 semesters,Any time,Structured research and supervision,Bamberg,Bamberg,Bavaria
8,9,PhD / Doctorate,"Bayreuth Graduate Centre for Cultural Studies, Social Sciences, and Humanities (BayKULT)",https://www2.daad.de/deutschland/studienangebote/international-programmes/en/detail/4596/,University of Bayreuth ,Bayreuth,inquire,English,6 semesters,Any time,Structured research and supervision,Bayreuth,Bayreuth,Bavaria
9,10,PhD / Doctorate,Bayreuth International Graduate School of African Studies (BIGSAS),https://www2.daad.de/deutschland/studienangebote/international-programmes/en/detail/4045/,University of Bayreuth ,Bayreuth,inquire,"English, French",6 semesters,Any time,Structured research and supervision,Bayreuth,Bayreuth,Bavaria
10,11,PhD / Doctorate,Behaviour and Cognition (BeCog),https://www2.daad.de/deutschland/studienangebote/international-programmes/en/detail/4245/,University of Göttingen ,Göttingen,inquire,English,6 semesters,"Winter semester, Summer semester",Structured research and supervision,Göttingen,Göttingen,Lower Saxony
11,12,PhD / Doctorate,Berlin Graduate School for Global and Transregional Studies,https://www2.daad.de/deutschland/studienangebote/international-programmes/en/detail/4109/,Freie Universität Berlin ,Berlin,inquire,English,6 semesters,Winter semester,Structured research and supervision,Berlin,Berlin,Berlin
12,13,PhD / Doctorate,Berlin Graduate School Muslim Cultures and Societies,https://www2.daad.de/deutschland/studienangebote/international-programmes/en/detail/4012/,Freie Universität Berlin ,Berlin,inquire,English,6 semesters,Winter semester,Structured research and supervision,Berlin,Berlin,Berlin
13,14,PhD / Doctorate,Berlin Mathematical School – PhD Programme,https://www2.daad.de/deutschland/studienangebote/international-programmes/en/detail/4007/,Technische Universität Berlin ,Berlin,inquire,English,6 semesters,Winter semester,Structured research and supervision,Berlin,Berlin,Berlin
14,15,PhD / Doctorate,Berlin School of Economics PhD Programme (BSE PhD Programme),https://www2.daad.de/deutschland/studienangebote/international-programmes/en/detail/6973/,Humboldt-Universität zu Berlin ,Berlin,inquire,English,8 semesters,Winter semester,Structured research and supervision,Berlin,Berlin,Berlin
15,16,PhD / Doctorate,Berlin School of Mind and Brain (Graduate School),https://www2.daad.de/deutschland/studienangebote/international-programmes/en/detail/4043/,Humboldt-Universität zu Berlin ,Berlin,inquire,English,6 semesters,Winter semester,Structured research and supervision,Berlin,Berlin,Berlin
16,17,PhD / Doctorate,Bielefeld Graduate School in History and Sociology (BGHS),https://www2.daad.de/deutschland/studienangebote/international-programmes/en/detail/3962/,Bielefeld University ,Bielefeld,inquire,"German, English",More than 9 semesters,"Winter semester, Summer semester",Structured research and supervision,Bielefeld,Bielefeld,North Rhine-Westphalia
17,18,PhD / Doctorate,BioInterfaces International Graduate School,https://www2.daad.de/deutschland/studienangebote/international-programmes/en/detail/4324/,Karlsruhe Institute of Technology ,Eggenstein-Leopoldshafen,inquire,English,6 semesters,Any time,Structured research and supervision,Karlsruhe,Karlsruhe,Baden-Württemberg
18,19,PhD / Doctorate,Biological Diversity & Ecology,https://www2.daad.de/deutschland/studienangebote/international-programmes/en/detail/3670/,University of Göttingen ,Göttingen,inquire,English,6 semesters,"Winter semester, Summer semester",Structured research and supervision,Göttingen,Göttingen,Lower Saxony
19,20,PhD / Doctorate,Bonn Graduate School of Economics (BGSE),https://www2.daad.de/deutschland/studienangebote/international-programmes/en/detail/3626/,University of Bonn ,Bonn,inquire,English,More than 9 semesters,Winter semester,Structured research and supervision,Bonn,Bonn,North Rhine-Westphalia
20,21,PhD / Doctorate,Bonn-Cologne Graduate School of Physics and Astronomy: PhD in Astrophysics (Bonn),https://www2.daad.de/deutschland/studienangebote/international-programmes/en/detail/3708/,University of Bonn ,Bonn,inquire,English,6 semesters,Any time,Structured research and supervision,Bonn,Bonn,North Rhine-Westphalia
21,22,PhD / Doctorate,Bonn-Cologne Graduate School of Physics and Astronomy: PhD in Physics (Bonn),https://www2.daad.de/deutschland/studienangebote/international-programmes/en/detail/3886/,University of Bonn ,Bonn,inquire,English,6 semesters,Any time,Structured research and supervision,Bonn,Bonn,North Rhine-Westphalia
22,23,PhD / Doctorate,Bonn-Cologne Graduate School of Physics and Astronomy: PhD in Physics (Cologne),https://www2.daad.de/deutschland/studienangebote/international-programmes/en/detail/4004/,University of Cologne ,Köln,inquire,English,6 semesters,Any time,Structured research and supervision,Cologne,Cologne,North Rhine-Westphalia
23,24,PhD / Doctorate,Cell-Fate Decisions in the Immune System (DFG-SFB 1054 IRTG),https://www2.daad.de/deutschland/studienangebote/international-programmes/en/detail/4495/,Ludwig-Maximilians-Universität München ,München,inquire,English,6 semesters,Any time,Structured research and supervision,Munich,Munich,Bavaria
24,25,Graduate school,Cellular and Molecular Biology of Plants,https://www2.daad.de/deutschland/studienangebote/international-programmes/en/detail/7120/,University of Tübingen ,Tübingen,inquire,English,6 semesters,Any time,Structured research and supervision,Tübingen,Tübingen,Baden-Württemberg
25,26,PhD / Doctorate,CEPLAS - Cluster of Excellence on Plant Sciences,https://www2.daad.de/deutschland/studienangebote/international-programmes/en/detail/4494/,University of Cologne ,Düsseldorf,inquire,English,More than 9 semesters,Winter semester,Structured research and supervision,Düsseldorf,Düsseldorf,North Rhine-Westphalia
26,27,PhD / Doctorate,CEPLAS - Cluster of Excellence on Plant Sciences,https://www2.daad.de/deutschland/studienangebote/international-programmes/en/detail/6293/,Heinrich Heine University Düsseldorf ,Düsseldorf,inquire,English,More than 9 semesters,Winter semester,Structured research and supervision,Düsseldorf,Düsseldorf,North Rhine-Westphalia
27,28,PhD / Doctorate,Chemistry (PhD),https://www2.daad.de/deutschland/studienangebote/international-programmes/en/detail/4782/,University of Göttingen ,Göttingen,inquire,"German, English",More than 9 semesters,"Winter semester, Summer semester",Structured research and supervision,Göttingen,Göttingen,Lower Saxony
28,29,PhD / Doctorate,Chromatin Dynamics (Integrated Research Training Group IRTG-SFB 1064),https://www2.daad.de/deutschland/studienangebote/international-programmes/en/detail/4481/,Ludwig-Maximilians-Universität München ,München,inquire,English,8 semesters,Any time,Structured research and supervision,Munich,Munich,Bavaria
29,30,PhD / Doctorate,CiM-IMPRS PhD Programme in Life and Natural Sciences,https://www2.daad.de/deutschland/studienangebote/international-programmes/en/detail/4028/,University of Münster ,Münster,inquire,English,6 semesters,Winter semester,Structured research and supervision,Münster,Münster,North Rhine-Westphalia
30,31,PhD / Doctorate,Cognitive Science PhD Programme,https://www2.daad.de/deutschland/studienangebote/international-programmes/en/detail/3615/,Osnabrück University ,Osnabrück,inquire,English,6 semesters,"Winter semester, Summer semester",Structured research and supervision,Osnabrück,Osnabrück,Lower Saxony
31,32,PhD / Doctorate,Cologne Graduate School of Ageing Research,https://www2.daad.de/deutschland/studienangebote/international-programmes/en/detail/4165/,University of Cologne ,Köln,inquire,English,6 semesters,Winter semester,Structured research and supervision,Cologne,Cologne,North Rhine-Westphalia
32,33,PhD / Doctorate,CRC 235 - PhD in Emergence of Life,https://www2.daad.de/deutschland/studienangebote/international-programmes/en/detail/5622/,Ludwig-Maximilians-Universität München ,München,inquire,English,6 semesters,Winter semester,Structured research and supervision,Munich,Munich,Bavaria
33,34,PhD / Doctorate,DEWIN - Dynamics of Host-Pathogen Interactions,https://www2.daad.de/deutschland/studienangebote/international-programmes/en/detail/4383/,Hannover Medical School ,Hannover,inquire,English,6 semesters,Winter semester,Structured research and supervision,Hanover,Hanover,Lower Saxony
34,35,PhD / Doctorate,DKFZ International PhD Programme in Cancer Research,https://www2.daad.de/deutschland/studienangebote/international-programmes/en/detail/4058/,German Cancer Research Center (DKFZ) Heidelberg ,Heidelberg,inquire,English,6 semesters,Any time,Structured research and supervision,Heidelberg,Heidelberg,Baden-Württemberg
35,36,PhD / Doctorate,Doctoral Degree Programme in Gerontology,https://www2.daad.de/deutschland/studienangebote/international-programmes/en/detail/4584/,FAU Erlangen-Nürnberg ,Nürnberg,inquire,"German, English",4 semesters,"Winter semester, Summer semester",Structured research and supervision,Nuremberg,Nuremberg,Bavaria
36,37,PhD / Doctorate,Doctoral Programme - Statistics: Theory and Methods for Empirical Modelling,https://www2.daad.de/deutschland/studienangebote/international-programmes/en/detail/4504/,Ludwig-Maximilians-Universität München ,München,inquire,"German, English",4 semesters,"Winter semester, Summer semester",Structured research and supervision,Munich,Munich,Bavaria
37,38,PhD / Doctorate,Doctoral Programme / EBS Business School,https://www2.daad.de/deutschland/studienangebote/international-programmes/en/detail/3937/,EBS Universität für Wirtschaft und Recht ,Oestrich-Winkel,inquire,English,4 semesters,Any time,Structured research and supervision,Oestrich-Winkel,Oestrich-Winkel,Hesse
38,39,PhD / Doctorate,Doctoral Programme ARUS - Advanced Research in Urban Systems,https://www2.daad.de/deutschland/studienangebote/international-programmes/en/detail/4196/,University of Duisburg-Essen ,Essen,inquire,"German, English",6 semesters,Winter semester,Structured research and supervision,Essen,Essen,North Rhine-Westphalia
39,40,PhD / Doctorate,Doctoral Programme Classical and Ancient Studies (PAW),https://www2.daad.de/deutschland/studienangebote/international-programmes/en/detail/4206/,Ludwig-Maximilians-Universität München ,München,inquire,"German, English",6 semesters,Winter semester,Structured research and supervision,Munich,Munich,Bavaria
40,41,PhD / Doctorate,Doctoral Programme Environment and Society,https://www2.daad.de/deutschland/studienangebote/international-programmes/en/detail/4214/,Ludwig-Maximilians-Universität München ,München,inquire,"English, German",6 semesters,"Winter semester, Summer semester",Structured research and supervision,Munich,Munich,Bavaria
41,42,PhD / Doctorate,"Doctoral Programme in Accounting, Finance and Management",https://www2.daad.de/deutschland/studienangebote/international-programmes/en/detail/6885/,Frankfurt School of Finance & Management ,Frankfurt am Main,inquire,English,More than 9 semesters,Winter semester,Structured research and supervision,Frankfurt am Main,Frankfurt am Main,Hesse
42,43,PhD / Doctorate,Doctoral Programme in Buddhist Studies,https://www2.daad.de/deutschland/studienangebote/international-programmes/en/detail/4111/,Ludwig-Maximilians-Universität München ,München,inquire,"German, English",7 semesters,"Winter semester, Summer semester",Structured research and supervision,Munich,Munich,Bavaria
43,44,PhD / Doctorate,Doctoral Programme in Clinical Pharmacy,https://www2.daad.de/deutschland/studienangebote/international-programmes/en/detail/4877/,Ludwig-Maximilians-Universität München ,München,inquire,"German, English",6 semesters,Any time,Structured research and supervision,Munich,Munich,Bavaria
44,45,PhD / Doctorate,Doctoral Programme in Law (Doctor Juris),https://www2.daad.de/deutschland/studienangebote/international-programmes/en/detail/3637/,University of Münster ,Münster,inquire,"German, English",6 semesters,Any time,Structured research and supervision,Münster,Münster,North Rhine-Westphalia
45,46,PhD / Doctorate,Doctoral Programme in Modern and Contemporary History (ProMoHist),https://www2.daad.de/deutschland/studienangebote/international-programmes/en/detail/4209/,Ludwig-Maximilians-Universität München ,München,inquire,"German, English",6 semesters,"Winter semester, Summer semester",Structured research and supervision,Munich,Munich,Bavaria
46,47,PhD / Doctorate,Doctoral Programme in Natural Sciences (Dr rer nat),https://www2.daad.de/deutschland/studienangebote/international-programmes/en/detail/4615/,University of Hohenheim ,Stuttgart,inquire,"German, English",6 semesters,Any time,Structured research and supervision,Stuttgart,Stuttgart,Baden-Württemberg
47,48,PhD / Doctorate,Doctoral Programme in Neuroscience,https://www2.daad.de/deutschland/studienangebote/international-programmes/en/detail/3822/,University of Tübingen ,Tübingen,inquire,English,6 semesters,Any time,Structured research and supervision,Tübingen,Tübingen,Baden-Württemberg
48,49,PhD / Doctorate,Doctoral Programme in Quantitative Economics and Finance,https://www2.daad.de/deutschland/studienangebote/international-programmes/en/detail/3808/,University of Konstanz ,Konstanz,inquire,English,6 semesters,Winter semester,Structured research and supervision,Konstanz,Konstanz,Baden-Württemberg
49,50,PhD / Doctorate,Doctoral Programme in the Overall Field of Cognition,https://www2.daad.de/deutschland/studienangebote/international-programmes/en/detail/7152/,Max Planck School of Cognition ,Leipzig,inquire,English,8 semesters,Winter semester,Structured research and supervision,Leipzig,Leipzig,Saxony
50,51,PhD / Doctorate,Doctoral Programme of the School of Business and Economics,https://www2.daad.de/deutschland/studienangebote/international-programmes/en/detail/4478/,FAU Erlangen-Nürnberg ,Nürnberg,inquire,"German, English",6 semesters,Any time,Structured research and supervision,Nuremberg,Nuremberg,Bavaria
51,52,PhD / Doctorate,Doctoral Programme Quantitative Economics,https://www2.daad.de/deutschland/studienangebote/international-programmes/en/detail/3760/,Kiel University ,Kiel,inquire,English,6 semesters,Winter semester,Structured research and supervision,Kiel,Kiel,Schleswig-Holstein
52,53,PhD / Doctorate,Doctoral Programme Research Training Group 2175 Perception in Context and its Neural Basis,https://www2.daad.de/deutschland/studienangebote/international-programmes/en/detail/4798/,Ludwig-Maximilians-Universität München ,München,inquire,English,6 semesters,Any time,Structured research and supervision,Munich,Munich,Bavaria
53,54,PhD / Doctorate,Doctoral Training Programme in the Learning Sciences (DTP-LS),https://www2.daad.de/deutschland/studienangebote/international-programmes/en/detail/4127/,Ludwig-Maximilians-Universität München ,München,inquire,English,6 semesters,Winter semester,Structured research and supervision,Munich,Munich,Bavaria
54,55,PhD / Doctorate,Doctorate in TechnoScienceStudies,https://www2.daad.de/deutschland/studienangebote/international-programmes/en/detail/5285/,Technische Universität München ,München,inquire,English,6 semesters,Winter semester,Structured research and supervision,Munich,Munich,Bavaria
55,56,PhD / Doctorate,Dresden International Graduate School for Biomedicine and Bioengineering (DIGS-BB),https://www2.daad.de/deutschland/studienangebote/international-programmes/en/detail/3834/,Technische Universität Dresden ,Dresden,inquire,English,8 semesters,Any time,Structured research and supervision,Dresden,Dresden,Saxony
56,57,PhD / Doctorate,Dresden Leibniz Graduate School (DLGS): Excellence in Spatial Sustainability Science and Transformative Leadership,https://www2.daad.de/deutschland/studienangebote/international-programmes/en/detail/4291/,Leibniz Institute of Ecological Urban and Regional Development ,Dresden,inquire,English,6 semesters,Summer semester,Structured research and supervision,Dresden,Dresden,Saxony
57,58,PhD / Doctorate,Einstein Center of Catalysis / Berlin International Graduate School of Natural Sciences and Engineering (EC2/BIG-NSE),https://www2.daad.de/deutschland/studienangebote/international-programmes/en/detail/3974/,Technische Universität Berlin ,Berlin,inquire,English,6 semesters,Winter semester,Structured research and supervision,Berlin,Berlin,Berlin
58,59,PhD / Doctorate,European Doctorate in Law & Economics (EDLE),https://www2.daad.de/deutschland/studienangebote/international-programmes/en/detail/4054/,Universität Hamburg ,Hamburg,inquire,English,8 semesters,Winter semester,Structured research and supervision,Hamburg,Hamburg,Hamburg
59,60,PhD / Doctorate,Evolution and Ecology Research School Tübingen (EVEREST),https://www2.daad.de/deutschland/studienangebote/international-programmes/en/detail/6144/,University of Tübingen ,Tübingen,inquire,English,6 semesters,Any time,Structured research and supervision,Tübingen,Tübingen,Baden-Württemberg
60,61,PhD / Doctorate,Evolutionary Processes in Adaptation and Disease (DFG Research Training Group 2220 EvoPAD),https://www2.daad.de/deutschland/studienangebote/international-programmes/en/detail/4792/,University of Münster ,Münster,inquire,English,6 semesters,Any time,Structured research and supervision,Münster,Münster,North Rhine-Westphalia
61,62,PhD / Doctorate,Forest Sciences and Forest Ecology (PhD),https://www2.daad.de/deutschland/studienangebote/international-programmes/en/detail/3931/,University of Göttingen ,Göttingen,inquire,"German, English",6 semesters,Any time,Structured research and supervision,Göttingen,Göttingen,Lower Saxony
62,63,PhD / Doctorate,Geography (PhD),https://www2.daad.de/deutschland/studienangebote/international-programmes/en/detail/4400/,University of Göttingen ,Göttingen,inquire,"German, English",6 semesters,"Winter semester, Summer semester",Structured research and supervision,Göttingen,Göttingen,Lower Saxony
63,64,PhD / Doctorate,German-French Graduate College Statistical Physics of Complex Systems in Equilibrium and Non-Equilibrium,https://www2.daad.de/deutschland/studienangebote/international-programmes/en/detail/4152/,Leipzig University ,Leipzig,inquire,English,6 semesters,"Winter semester, Summer semester",Structured research and supervision,Leipzig,Leipzig,Saxony
64,65,PhD / Doctorate,German-French Master's and Doctoral Programme in History - Deutsch-Französisches Master- und Doktorandenprogramm in Geschichtswissenschaften,https://www2.daad.de/deutschland/studienangebote/international-programmes/en/detail/4377/,Universität Heidelberg ,Heidelberg,inquire,"German, French",6 semesters,Winter semester,Structured research and supervision,Heidelberg,Heidelberg,Baden-Württemberg
65,66,PhD / Doctorate,GGNB Biomolecules: Structure - Function - Dynamics (PhD),https://www2.daad.de/deutschland/studienangebote/international-programmes/en/detail/3868/,University of Göttingen ,Göttingen,inquire,English,6 semesters,Any time,Structured research and supervision,Göttingen,Göttingen,Lower Saxony
66,67,PhD / Doctorate,GGNB Cellular and Molecular Physiology of the Brain (PhD),https://www2.daad.de/deutschland/studienangebote/international-programmes/en/detail/3932/,University of Göttingen ,Göttingen,inquire,English,6 semesters,Any time,Structured research and supervision,Göttingen,Göttingen,Lower Saxony
67,68,PhD / Doctorate,GGNB Emerging Infectious Diseases - Leibniz Graduate School (PhD),https://www2.daad.de/deutschland/studienangebote/international-programmes/en/detail/4402/,University of Göttingen ,Göttingen,inquire,English,6 semesters,Any time,Structured research and supervision,Göttingen,Göttingen,Lower Saxony
68,69,PhD / Doctorate,GGNB Genes and Development (PhD),https://www2.daad.de/deutschland/studienangebote/international-programmes/en/detail/3870/,University of Göttingen ,Göttingen,inquire,English,6 semesters,Any time,Structured research and supervision,Göttingen,Göttingen,Lower Saxony
69,70,PhD / Doctorate,GGNB International Max Planck Research School for Genome Science (PhD),https://www2.daad.de/deutschland/studienangebote/international-programmes/en/detail/4781/,University of Göttingen ,Göttingen,inquire,English,6 semesters,Winter semester,Structured research and supervision,Göttingen,Göttingen,Lower Saxony
70,71,PhD / Doctorate,GGNB Microbiology and Biochemistry (PhD),https://www2.daad.de/deutschland/studienangebote/international-programmes/en/detail/4243/,University of Göttingen ,Göttingen,inquire,English,6 semesters,Any time,Structured research and supervision,Göttingen,Göttingen,Lower Saxony
71,72,PhD / Doctorate,GGNB Molecular Biology of Cells (PhD),https://www2.daad.de/deutschland/studienangebote/international-programmes/en/detail/3869/,University of Göttingen ,Göttingen,inquire,English,6 semesters,Any time,Structured research and supervision,Göttingen,Göttingen,Lower Saxony
72,73,PhD / Doctorate,GGNB Molecular Biology — International Max Planck Research School (MSc/PhD),https://www2.daad.de/deutschland/studienangebote/international-programmes/en/detail/3741/,University of Göttingen ,Göttingen,inquire,English,8 semesters,Winter semester,Structured research and supervision,Göttingen,Göttingen,Lower Saxony
73,74,PhD / Doctorate,GGNB Neurosciences — International Max Planck Research School (MSc/PhD/MD-PhD),https://www2.daad.de/deutschland/studienangebote/international-programmes/en/detail/3742/,University of Göttingen ,Göttingen,inquire,English,8 semesters,Winter semester,Structured research and supervision,Göttingen,Göttingen,Lower Saxony
74,75,PhD / Doctorate,GGNB Physics of Biological & Complex Systems - International Max Planck Research School (PhD),https://www2.daad.de/deutschland/studienangebote/international-programmes/en/detail/3935/,University of Göttingen ,Göttingen,inquire,English,6 semesters,Any time,Structured research and supervision,Göttingen,Göttingen,Lower Saxony
75,76,PhD / Doctorate,GGNB Sensory and Motor Neuroscience (PhD),https://www2.daad.de/deutschland/studienangebote/international-programmes/en/detail/3933/,University of Göttingen ,Göttingen,inquire,English,6 semesters,Any time,Structured research and supervision,Göttingen,Göttingen,Lower Saxony
76,77,PhD / Doctorate,GGNB Systems Neuroscience (PhD),https://www2.daad.de/deutschland/studienangebote/international-programmes/en/detail/3939/,University of Göttingen ,Göttingen,inquire,English,6 semesters,Any time,Structured research and supervision,Göttingen,Göttingen,Lower Saxony
77,78,PhD / Doctorate,GGNB Theoretical and Computational Neuroscience (PhD),https://www2.daad.de/deutschland/studienangebote/international-programmes/en/detail/3936/,University of Göttingen ,Göttingen,inquire,English,6 semesters,Any time,Structured research and supervision,Göttingen,Göttingen,Lower Saxony
78,79,Graduate school,GRADE - Goethe Research Academy for Early Career Researchers,https://www2.daad.de/deutschland/studienangebote/international-programmes/en/detail/5329/,Goethe University Frankfurt ,Frankfurt am Main,inquire,English,6 semesters,Any time,Structured research and supervision,Frankfurt am Main,Frankfurt am Main,Hesse
79,80,Graduate school,Graduate Academy,https://www2.daad.de/deutschland/studienangebote/international-programmes/en/detail/5257/,Universität Heidelberg ,Heidelberg,inquire,English,6 semesters,Any time,Structured research and supervision,Heidelberg,Heidelberg,Baden-Württemberg
80,81,PhD / Doctorate,Graduate College: The Economics of Innovative Change,https://www2.daad.de/deutschland/studienangebote/international-programmes/en/detail/3882/,Friedrich Schiller University Jena ,Jena,inquire,English,6 semesters,Any time,Structured research and supervision,Jena,Jena,Thuringia
81,82,PhD / Doctorate,Graduate Programme Competition Economics - DFG GRK 1974,https://www2.daad.de/deutschland/studienangebote/international-programmes/en/detail/4574/,Heinrich Heine University Düsseldorf ,Düsseldorf,inquire,English,6 semesters,Any time,Structured research and supervision,Düsseldorf,Düsseldorf,North Rhine-Westphalia
82,83,PhD / Doctorate,Graduate Programme for Transcultural Studies (GPTS),https://www2.daad.de/deutschland/studienangebote/international-programmes/en/detail/3959/,Universität Heidelberg ,Heidelberg,inquire,English,6 semesters,Winter semester,Structured research and supervision,Heidelberg,Heidelberg,Baden-Württemberg
83,84,PhD / Doctorate,Graduate Programme in Labour Market Research of the Institute for Employment Research (IAB) and the School of Business and Economics,https://www2.daad.de/deutschland/studienangebote/international-programmes/en/detail/4410/,FAU Erlangen-Nürnberg ,Nürnberg,inquire,English,6 semesters,Winter semester,Structured research and supervision,Nuremberg,Nuremberg,Bavaria
84,85,Graduate school,Graduate Research School,https://www2.daad.de/deutschland/studienangebote/international-programmes/en/detail/5216/,Brandenburg University of Technology Cottbus-Senftenberg ,Cottbus,inquire,English,6 semesters,Winter semester,Structured research and supervision,Cottbus,Cottbus,Brandenburg
85,86,Graduate school,Graduate School Cluster of Excellence CUI: Advanced Imaging of Matter,https://www2.daad.de/deutschland/studienangebote/international-programmes/en/detail/6287/,Universität Hamburg ,Hamburg,inquire,English,6 semesters,Winter semester,Structured research and supervision,Hamburg,Hamburg,Hamburg
86,87,PhD / Doctorate,Graduate School Empirical and Applied Linguistics,https://www2.daad.de/deutschland/studienangebote/international-programmes/en/detail/4110/,University of Münster ,Münster,inquire,"German, English",6 semesters,"Winter semester, Summer semester",Structured research and supervision,Münster,Münster,North Rhine-Westphalia
87,88,PhD / Doctorate,Graduate School for East and Southeast European Studies,https://www2.daad.de/deutschland/studienangebote/international-programmes/en/detail/4463/,Universität Regensburg ,Regensburg,inquire,"German, English",7 semesters,Winter semester,Structured research and supervision,Regensburg,Regensburg,Bavaria
88,89,PhD / Doctorate,Graduate School for Geoinformatics,https://www2.daad.de/deutschland/studienangebote/international-programmes/en/detail/4406/,University of Münster ,Münster,inquire,English,6 semesters,Any time,Structured research and supervision,Münster,Münster,North Rhine-Westphalia
89,90,PhD / Doctorate,Graduate School Global and Area Studies (GSGAS),https://www2.daad.de/deutschland/studienangebote/international-programmes/en/detail/7035/,Leipzig University ,Leipzig,inquire,"German, English",6 semesters,"Winter semester, Summer semester",Structured research and supervision,Leipzig,Leipzig,Saxony
90,91,PhD / Doctorate,Graduate School Language & Literature Munich,https://www2.daad.de/deutschland/studienangebote/international-programmes/en/detail/3766/,Ludwig-Maximilians-Universität München ,München,inquire,"German, English",6 semesters,"Winter semester, Summer semester",Structured research and supervision,Munich,Munich,Bavaria
91,92,PhD / Doctorate,Graduate School Life Science Engineering,https://www2.daad.de/deutschland/studienangebote/international-programmes/en/detail/6547/,TU Darmstadt ,Darmstadt,inquire,English,6 semesters,Any time,Structured research and supervision,Darmstadt,Darmstadt,Hesse
92,93,PhD / Doctorate,Graduate School Life Science Munich: From Molecules to Systems (LSM),https://www2.daad.de/deutschland/studienangebote/international-programmes/en/detail/5271/,Ludwig-Maximilians-Universität München ,München,inquire,English,6 semesters,Any time,Structured research and supervision,Munich,Munich,Bavaria
93,94,PhD / Doctorate,Graduate School of Biomedical Science (BIOME),https://www2.daad.de/deutschland/studienangebote/international-programmes/en/detail/6884/,University of Duisburg-Essen ,Essen,inquire,English,6 semesters,Any time,Structured research and supervision,Essen,Essen,North Rhine-Westphalia
94,95,PhD / Doctorate,Graduate School of Decision Sciences,https://www2.daad.de/deutschland/studienangebote/international-programmes/en/detail/4424/,University of Konstanz ,Konstanz,inquire,English,6 semesters,Winter semester,Structured research and supervision,Konstanz,Konstanz,Baden-Württemberg
95,96,PhD / Doctorate,Graduate School of East Asian Studies (GEAS),https://www2.daad.de/deutschland/studienangebote/international-programmes/en/detail/6113/,Freie Universität Berlin ,Berlin,inquire,English,6 semesters,Winter semester,Structured research and supervision,Berlin,Berlin,Berlin
96,97,Graduate school,Graduate School of Economic and Social Sciences (GESS),https://www2.daad.de/deutschland/studienangebote/international-programmes/en/detail/5483/,University of Mannheim ,Mannheim,inquire,English,6 semesters,Winter semester,Structured research and supervision,Mannheim,Mannheim,Baden-Württemberg
97,98,Graduate school,"Graduate School of Economics, Finance and Management - GSEFM",https://www2.daad.de/deutschland/studienangebote/international-programmes/en/detail/5392/,Goethe University Frankfurt ,Frankfurt am Main,inquire,English,6 semesters,Winter semester,Structured research and supervision,Frankfurt am Main,Frankfurt am Main,Hesse
98,99,PhD / Doctorate,Graduate School of Excellence Advanced Manufacturing Engineering in Stuttgart (GSaME),https://www2.daad.de/deutschland/studienangebote/international-programmes/en/detail/4014/,University of Stuttgart ,Stuttgart,inquire,"German, English",8 semesters,Any time,Structured research and supervision,Stuttgart,Stuttgart,Baden-Württemberg
99,100,PhD / Doctorate,Graduate School of North American Studies (GSNAS),https://www2.daad.de/deutschland/studienangebote/international-programmes/en/detail/3892/,Freie Universität Berlin ,Berlin,inquire,English,6 semesters,Winter semester,Structured research and supervision,Berlin,Berlin,Berlin
100,101,PhD / Doctorate,Graduate School of Politics (GraSP) (PhD),https://www2.daad.de/deutschland/studienangebote/international-programmes/en/detail/3902/,University of Münster ,Münster,inquire,"German, English",6 semesters,Any time,Structured research and supervision,Münster,Münster,North Rhine-Westphalia
101,102,PhD / Doctorate,Graduate School of Quantitative Biosciences Munich (QBM),https://www2.daad.de/deutschland/studienangebote/international-programmes/en/detail/4441/,Ludwig-Maximilians-Universität München ,München,inquire,English,More than 9 semesters,Winter semester,Structured research and supervision,Munich,Munich,Bavaria
102,103,PhD / Doctorate,Graduate School of Systemic Neurosciences,https://www2.daad.de/deutschland/studienangebote/international-programmes/en/detail/4019/,Ludwig-Maximilians-Universität München ,München,inquire,English,6 semesters,Winter semester,Structured research and supervision,Munich,Munich,Bavaria
103,104,PhD / Doctorate,Graduate School Practices of Literature (GSPoL),https://www2.daad.de/deutschland/studienangebote/international-programmes/en/detail/4098/,University of Münster ,Münster,inquire,"German, English",6 semesters,"Winter semester, Summer semester",Structured research and supervision,Münster,Münster,North Rhine-Westphalia
104,105,Graduate school,"Graduate School Science, Medicine and Technology (OLTECH)",https://www2.daad.de/deutschland/studienangebote/international-programmes/en/detail/5269/,University of Oldenburg ,Oldenburg,inquire,"German, English",6 semesters,"Winter semester, Summer semester",Structured research and supervision,Oldenburg,Oldenburg,Lower Saxony
105,106,PhD / Doctorate,Graduate School Simulation Technology (GS SimTech),https://www2.daad.de/deutschland/studienangebote/international-programmes/en/detail/4003/,University of Stuttgart ,Stuttgart,inquire,"German, English",6 semesters,Any time,Structured research and supervision,Stuttgart,Stuttgart,Baden-Württemberg
106,107,Graduate school,GraduateCenter LMU Munich,https://www2.daad.de/deutschland/studienangebote/international-programmes/en/detail/5224/,Ludwig-Maximilians-Universität München ,München,inquire,"German, English",6 semesters,Any time,Structured research and supervision,Munich,Munich,Bavaria
107,108,PhD / Doctorate,GRK 2073 - Integrating Ethics and Epistemology of Scientific Research,https://www2.daad.de/deutschland/studienangebote/international-programmes/en/detail/4699/,Bielefeld University ,Bielefeld,inquire,English,6 semesters,Other,Structured research and supervision,Bielefeld,Bielefeld,North Rhine-Westphalia
108,109,PhD / Doctorate,GRK 2073 – Integrating Ethics and Epistemology of Scientific Research,https://www2.daad.de/deutschland/studienangebote/international-programmes/en/detail/4698/,Leibniz Universität Hannover ,Hannover,inquire,English,6 semesters,Other,Structured research and supervision,Hanover,Hanover,Lower Saxony
109,110,PhD / Doctorate,GRK 2300 Enrichment of European Beech Forests with Conifers,https://www2.daad.de/deutschland/studienangebote/international-programmes/en/detail/5209/,University of Göttingen ,Göttingen,inquire,English,6 semesters,Other,Structured research and supervision,Göttingen,Göttingen,Lower Saxony
110,111,Graduate school,GRK 2381 cGMP: From Bedside to Bench,https://www2.daad.de/deutschland/studienangebote/international-programmes/en/detail/6943/,University of Tübingen ,Tübingen,inquire,English,6 semesters,Other,Structured research and supervision,Tübingen,Tübingen,Baden-Württemberg
111,112,Graduate school,"Göttingen Graduate Center for Neurosciences, Biophysics, and Molecular Biosciences",https://www2.daad.de/deutschland/studienangebote/international-programmes/en/detail/5221/,University of Göttingen ,Göttingen,inquire,English,6 semesters,Other,Structured research and supervision,Göttingen,Göttingen,Lower Saxony
112,113,Graduate school,Hannover Biomedical Research School,https://www2.daad.de/deutschland/studienangebote/international-programmes/en/detail/5249/,Hannover Medical School ,Hannover,inquire,English,6 semesters,Other,Structured research and supervision,Hanover,Hanover,Lower Saxony
113,114,PhD / Doctorate,Heidelberg Biosciences International Graduate School (HBIGS),https://www2.daad.de/deutschland/studienangebote/international-programmes/en/detail/3950/,Universität Heidelberg ,Heidelberg,inquire,English,6 semesters,"Winter semester, Summer semester",Structured research and supervision,Heidelberg,Heidelberg,Baden-Württemberg
114,115,Graduate school,HEiKA Graduate School on Functional Materials,https://www2.daad.de/deutschland/studienangebote/international-programmes/en/detail/6543/,Karlsruhe Institute of Technology ,Karlsruhe,inquire,English,6 semesters,"Winter semester, Summer semester",Structured research and supervision,Karlsruhe,Karlsruhe,Baden-Württemberg
115,116,Graduate school,Heine Research Academies (HeRA),https://www2.daad.de/deutschland/studienangebote/international-programmes/en/detail/5233/,Heinrich Heine University Düsseldorf ,Düsseldorf,inquire,English,6 semesters,"Winter semester, Summer semester",Structured research and supervision,Düsseldorf,Düsseldorf,North Rhine-Westphalia
116,117,PhD / Doctorate,Helmholtz Interdisciplinary Graduate School for Environmental Research,https://www2.daad.de/deutschland/studienangebote/international-programmes/en/detail/4020/,Helmholtz Centre for Environmental Research - UFZ ,Leipzig,inquire,English,6 semesters,Any time,Structured research and supervision,Leipzig,Leipzig,Saxony
117,118,PhD / Doctorate,HighRR - High Resolution and High Rate Detectors in Nuclear and Particle Physics Research Training Group,https://www2.daad.de/deutschland/studienangebote/international-programmes/en/detail/4701/,Universität Heidelberg ,Heidelberg,inquire,English,6 semesters,Any time,Structured research and supervision,Heidelberg,Heidelberg,Baden-Württemberg
118,119,PhD / Doctorate,i-Target: Immunotargeting of Cancer (Internationales Doktorandenkolleg - Elitenetzwerk Bayern),https://www2.daad.de/deutschland/studienangebote/international-programmes/en/detail/4485/,Ludwig-Maximilians-Universität München ,München,inquire,English,6 semesters,Any time,Structured research and supervision,Munich,Munich,Bavaria
119,120,PhD / Doctorate,IAMO Graduate School,https://www2.daad.de/deutschland/studienangebote/international-programmes/en/detail/4438/,Leibniz Institute of Agricultural Development in Transition Economies (IAMO) ,Halle (Saale),inquire,English,6 semesters,Any time,Structured research and supervision,Halle (Saale),Halle (Saale),Saxony-Anhalt
120,121,PhD / Doctorate,"iGRAD-Plant: Network, Exchange, and Training Programme to Understand Plant Resource Allocation (NEXTplant)",https://www2.daad.de/deutschland/studienangebote/international-programmes/en/detail/4093/,Heinrich Heine University Düsseldorf ,Düsseldorf,inquire,English,6 semesters,Any time,Structured research and supervision,Düsseldorf,Düsseldorf,North Rhine-Westphalia
121,122,PhD / Doctorate,Integrated Analysis of Macromolecular Complexes and Hybrid Methods in Genome Biology (DFG GRK1721),https://www2.daad.de/deutschland/studienangebote/international-programmes/en/detail/4366/,Ludwig-Maximilians-Universität München ,München,inquire,English,6 semesters,Any time,Structured research and supervision,Munich,Munich,Bavaria
122,123,PhD / Doctorate,Integrated Graduate College of the SFB/Transregio 185 (Bonn-Kaiserslautern): Open System Control of Atomic and Photonic Matter (OSCAR),https://www2.daad.de/deutschland/studienangebote/international-programmes/en/detail/5320/,Technische Universität Kaiserslautern ,Kaiserslautern,inquire,English,6 semesters,Any time,Structured research and supervision,Kaiserslautern,Kaiserslautern,Rhineland-Palatinate
123,124,PhD / Doctorate,Integrated Graduate School Solvation Science (iGSS),https://www2.daad.de/deutschland/studienangebote/international-programmes/en/detail/7136/,Ruhr-Universität Bochum ,Bochum,inquire,English,6 semesters,Any time,Structured research and supervision,Bochum,Bochum,North Rhine-Westphalia
124,125,PhD / Doctorate,"Integrated Graduate School: Mathematical Modelling, Simulation and Optimisation Using the Example of Gas Networks (SFB Transregio 154)",https://www2.daad.de/deutschland/studienangebote/international-programmes/en/detail/5523/,FAU Erlangen-Nürnberg ,Erlangen,inquire,English,6 semesters,Any time,Structured research and supervision,Erlangen,Erlangen,Bavaria
125,126,PhD / Doctorate,Integrated Research Training Group (iRTG) Polymers: Random Coils and Beyond,https://www2.daad.de/deutschland/studienangebote/international-programmes/en/detail/4339/,Martin Luther University Halle-Wittenberg ,Halle (Saale),inquire,English,7 semesters,Any time,Structured research and supervision,Halle (Saale),Halle (Saale),Saxony-Anhalt
126,127,PhD / Doctorate,Integrated Research Training Group AquaDiva (iRTG AquaDiva),https://www2.daad.de/deutschland/studienangebote/international-programmes/en/detail/5545/,Friedrich Schiller University Jena ,Jena,inquire,English,8 semesters,Other,Structured research and supervision,Jena,Jena,Thuringia
127,128,PhD / Doctorate,Integrated Research Training Group of the Collaborative Research Centre 1116 - Master Switches in Cardiac Ischemia,https://www2.daad.de/deutschland/studienangebote/international-programmes/en/detail/4573/,Heinrich Heine University Düsseldorf ,Düsseldorf,inquire,"German, English",6 semesters,Any time,Structured research and supervision,Düsseldorf,Düsseldorf,North Rhine-Westphalia
128,129,PhD / Doctorate,Integrative Research Institute of Transformations of Human-Environment Systems Graduate Programme (IRI THESys),https://www2.daad.de/deutschland/studienangebote/international-programmes/en/detail/4496/,Humboldt-Universität zu Berlin ,Berlin,inquire,English,More than 9 semesters,"Winter semester, Summer semester",Structured research and supervision,Berlin,Berlin,Berlin
129,130,PhD / Doctorate,International Doctoral Programme - Environment Water (ENWAT),https://www2.daad.de/deutschland/studienangebote/international-programmes/en/detail/3783/,University of Stuttgart ,Stuttgart,inquire,English,6 semesters,Any time,Structured research and supervision,Stuttgart,Stuttgart,Baden-Württemberg
130,131,PhD / Doctorate,International Doctoral Programme Computational Neuroscience,https://www2.daad.de/deutschland/studienangebote/international-programmes/en/detail/4121/,Technische Universität Berlin ,Berlin,inquire,English,6 semesters,Winter semester,Structured research and supervision,Berlin,Berlin,Berlin
131,132,PhD / Doctorate,International Doctoral Programme European Urban Studies (IPP-EU),https://www2.daad.de/deutschland/studienangebote/international-programmes/en/detail/4413/,Bauhaus-Universität Weimar ,Weimar,inquire,"German, English",6 semesters,Winter semester,Structured research and supervision,Weimar,Weimar,Thuringia
132,133,PhD / Doctorate,International Doctoral Programme Transformations in European Societies,https://www2.daad.de/deutschland/studienangebote/international-programmes/en/detail/4442/,Ludwig-Maximilians-Universität München ,München,inquire,English,6 semesters,Winter semester,Structured research and supervision,Munich,Munich,Bavaria
133,134,PhD / Doctorate,International Doctorate for Experimental Approaches to Language and Brain (IDEALAB),https://www2.daad.de/deutschland/studienangebote/international-programmes/en/detail/4285/,University of Potsdam ,Potsdam,inquire,English,6 semesters,Winter semester,Structured research and supervision,Potsdam,Potsdam,Brandenburg
134,135,Graduate school,International Giessen Graduate Centre for the Life Sciences (GGL),https://www2.daad.de/deutschland/studienangebote/international-programmes/en/detail/5325/,Justus Liebig University Giessen ,Gießen,inquire,English,6 semesters,Winter semester,Structured research and supervision,Gießen,Gießen,Hesse
135,136,Graduate school,International Graduate Centre for the Study of Culture (GCSC),https://www2.daad.de/deutschland/studienangebote/international-programmes/en/detail/5305/,Justus Liebig University Giessen ,Gießen,inquire,English,6 semesters,Winter semester,Structured research and supervision,Gießen,Gießen,Hesse
136,137,PhD / Doctorate,International Graduate School for Dynamics in Logistics (IGS),https://www2.daad.de/deutschland/studienangebote/international-programmes/en/detail/7052/,University of Bremen ,Bremen,inquire,English,7 semesters,Any time,Structured research and supervision,Bremen,Bremen,Bremen
137,138,PhD / Doctorate,International Helmholtz Research School for Nanoelectronic Networks (NanoNet),https://www2.daad.de/deutschland/studienangebote/international-programmes/en/detail/4391/,Helmholtz-Zentrum Dresden-Rossendorf ,Dresden,inquire,English,6 semesters,"Winter semester, Summer semester",Structured research and supervision,Dresden,Dresden,Saxony
138,139,PhD / Doctorate,International Max Planck Research School (IMPRS) - Many Particle Systems in Structured Environments (MPSSE),https://www2.daad.de/deutschland/studienangebote/international-programmes/en/detail/5512/,Max Planck Institute for the Physics of Complex Systems ,Dresden,inquire,English,6 semesters,Other,Structured research and supervision,Dresden,Dresden,Saxony
139,140,PhD / Doctorate,International Max Planck Research School (IMPRS) on Astrophysics at the Ludwig-Maximilians-Universität München,https://www2.daad.de/deutschland/studienangebote/international-programmes/en/detail/3907/,Max Planck Institute for Extraterrestrial Physics ,Garching b. München,inquire,English,8 semesters,Winter semester,Structured research and supervision,Garching bei München,Garching bei München,Bavaria
140,141,PhD / Doctorate,International Max Planck Research School (IMPRS) on Understanding Complex Plant Traits Using Computational and Evolutionary Approaches,https://www2.daad.de/deutschland/studienangebote/international-programmes/en/detail/3909/,Max Planck Institute for Plant Breeding Research ,Köln,inquire,English,6 semesters,Winter semester,Structured research and supervision,Cologne,Cologne,North Rhine-Westphalia
141,142,PhD / Doctorate,International Max Planck Research School (IMPRS): The Exploration of Ecological Interactions with Molecular and Chemical Techniques,https://www2.daad.de/deutschland/studienangebote/international-programmes/en/detail/3894/,Max Planck Institute for Chemical Ecology ,Jena,inquire,English,6 semesters,Any time,Structured research and supervision,Jena,Jena,Thuringia
142,143,PhD / Doctorate,International Max Planck Research School - From Molecules to Organisms,https://www2.daad.de/deutschland/studienangebote/international-programmes/en/detail/4740/,University of Tübingen ,Tübingen,inquire,English,8 semesters,Winter semester,Structured research and supervision,Tübingen,Tübingen,Baden-Württemberg
143,144,PhD / Doctorate,"International Max Planck Research School - Moduli Spaces and their Applications in Algebra, Differential Geometry and Mathematical Physics",https://www2.daad.de/deutschland/studienangebote/international-programmes/en/detail/3940/,Max Planck Institute for Mathematics ,Bonn,inquire,English,6 semesters,"Winter semester, Summer semester",Structured research and supervision,Bonn,Bonn,North Rhine-Westphalia
144,145,PhD / Doctorate,International Max Planck Research School for Advanced Methods in Process and Systems Engineering (IMPRS ProEng),https://www2.daad.de/deutschland/studienangebote/international-programmes/en/detail/3921/,Max Planck Institute for Dynamics of Complex Technical Systems ,Magdeburg,inquire,English,6 semesters,Any time,Structured research and supervision,Magdeburg,Magdeburg,Saxony-Anhalt
145,146,PhD / Doctorate,International Max Planck Research School for Biology AND Computation,https://www2.daad.de/deutschland/studienangebote/international-programmes/en/detail/4232/,Max Planck Institute for Molecular Genetics ,Berlin,inquire,English,6 semesters,Other,Structured research and supervision,Berlin,Berlin,Berlin
146,147,PhD / Doctorate,International Max Planck Research School for Chemistry and Physics of Quantum Materials,https://www2.daad.de/deutschland/studienangebote/international-programmes/en/detail/4756/,Max Planck Institute for Chemical Physics of Solids ,Dresden,inquire,English,8 semesters,Any time,Structured research and supervision,Dresden,Dresden,Saxony
147,148,PhD / Doctorate,International Max Planck Research School for Global Biogeochemical Cycles,https://www2.daad.de/deutschland/studienangebote/international-programmes/en/detail/6506/,Max Planck Institute for Biogeochemistry ,Jena,inquire,English,6 semesters,Any time,Structured research and supervision,Jena,Jena,Thuringia
148,149,PhD / Doctorate,"International Max Planck Research School for Immunobiology, Epigenetics, and Metabolism (IMPRS-IEM)",https://www2.daad.de/deutschland/studienangebote/international-programmes/en/detail/5604/,Max Planck Institute of Immunobiology and Epigenetics ,Freiburg im Breisgau,inquire,English,8 semesters,Winter semester,Structured research and supervision,Freiburg im Breisgau,Freiburg im Breisgau,Baden-Württemberg
149,150,PhD / Doctorate,International Max Planck Research School for Molecular Life Sciences: From Biological Structures to Neural Circuits (IMPRS-LS),https://www2.daad.de/deutschland/studienangebote/international-programmes/en/detail/5336/,Max Planck Institute of Biochemistry ,München,inquire,English,8 semesters,Winter semester,Structured research and supervision,Munich,Munich,Bavaria
150,151,PhD / Doctorate,International Max Planck Research School for Molecular Organ Biology (IMPRS-MOB),https://www2.daad.de/deutschland/studienangebote/international-programmes/en/detail/6102/,Max Planck Institute for Heart and Lung Research ,Bad Nauheim,inquire,English,6 semesters,Winter semester,Structured research and supervision,Bad Nauheim,Bad Nauheim,Hesse
151,152,PhD / Doctorate,"International Max Planck Research School for Quantum Dynamics in Physics, Chemistry and Biology (IMPRS-QD)",https://www2.daad.de/deutschland/studienangebote/international-programmes/en/detail/6339/,Max Planck Institute for Nuclear Physics ,Heidelberg,inquire,English,6 semesters,Any time,Structured research and supervision,Heidelberg,Heidelberg,Baden-Württemberg
152,153,PhD / Doctorate,International Max Planck Research School for Science and Technology of Nano-Systems (IMPRS-STNS),https://www2.daad.de/deutschland/studienangebote/international-programmes/en/detail/4050/,Max Planck Institute of Microstructure Physics ,Halle (Saale),inquire,English,6 semesters,Any time,Structured research and supervision,Halle (Saale),Halle (Saale),Saxony-Anhalt
153,154,PhD / Doctorate,International Max Planck Research School for the Mechanisms of Mental Function and Dysfunction,https://www2.daad.de/deutschland/studienangebote/international-programmes/en/detail/3790/,University of Tübingen ,Tübingen,inquire,English,More than 9 semesters,Winter semester,Structured research and supervision,Tübingen,Tübingen,Baden-Württemberg
154,155,PhD / Doctorate,International Max Planck Research School for Ultrafast Imaging & Structural Dynamics (IMPRS UFAST),https://www2.daad.de/deutschland/studienangebote/international-programmes/en/detail/5569/,Max Planck Institute for the Structure and Dynamics of Matter ,Hamburg,inquire,English,6 semesters,Any time,Structured research and supervision,Hamburg,Hamburg,Hamburg
155,156,PhD / Doctorate,International Max Planck Research School in Chemical and Molecular Biology,https://www2.daad.de/deutschland/studienangebote/international-programmes/en/detail/5295/,Max Planck Institute of Molecular Physiology ,Dortmund,inquire,English,8 semesters,Any time,Structured research and supervision,Dortmund,Dortmund,North Rhine-Westphalia
156,157,PhD / Doctorate,International Max Planck Research School of Marine Microbiology (MarMic) - MSc/PhD Programme,https://www2.daad.de/deutschland/studienangebote/international-programmes/en/detail/4468/,Max Planck Institute for Marine Microbiology ,Bremen,inquire,English,6 semesters,Winter semester,Structured research and supervision,Bremen,Bremen,Bremen
157,158,PhD / Doctorate,International Max Planck Research School on Earth System Modelling (IMPRS-ESM),https://www2.daad.de/deutschland/studienangebote/international-programmes/en/detail/6241/,Max Planck Institute for Meteorology ,Hamburg,inquire,English,6 semesters,Other,Structured research and supervision,Hamburg,Hamburg,Hamburg
158,159,PhD / Doctorate,"International Max Planck Research School on Neuroscience of Communication: Function, Structure, and Plasticity (IMPRS NeuroCom)",https://www2.daad.de/deutschland/studienangebote/international-programmes/en/detail/4639/,Max Planck Institute for Human Cognitive and Brain Sciences ,Leipzig,inquire,English,6 semesters,Any time,Structured research and supervision,Leipzig,Leipzig,Saxony
159,160,PhD / Doctorate,International Max Planck Research School on Reactive Structure Analysis for Chemical Reactions (IMPRS-RECHARGE PhD Programme),https://www2.daad.de/deutschland/studienangebote/international-programmes/en/detail/6989/,Max Planck Institute for Chemical Energy Conversion ,Mülheim an der Ruhr,inquire,English,6 semesters,Any time,Structured research and supervision,Mülheim an der Ruhr,Mülheim an der Ruhr,North Rhine-Westphalia
160,161,PhD / Doctorate,International Max Planck Research School on the Social and Political Constitution of the Economy (IMPRS-SPCE),https://www2.daad.de/deutschland/studienangebote/international-programmes/en/detail/5214/,Max Planck Institute for the Study of Societies ,Köln,inquire,English,7 semesters,Winter semester,Structured research and supervision,Cologne,Cologne,North Rhine-Westphalia
161,162,PhD / Doctorate,International Max Planck Research School on Trustworthy Computing,https://www2.daad.de/deutschland/studienangebote/international-programmes/en/detail/3889/,Max Planck Institute for Informatics ,Saarbrücken,inquire,English,8 semesters,Any time,Structured research and supervision,Saarbrücken,Saarbrücken,Saarland
162,163,PhD / Doctorate,International Max Planck Research School on Trustworthy Computing,https://www2.daad.de/deutschland/studienangebote/international-programmes/en/detail/7046/,Max Planck Institute for Software Systems ,Kaiserslautern,inquire,English,8 semesters,Any time,Structured research and supervision,Kaiserslautern,Kaiserslautern,Rhineland-Palatinate
163,164,PhD / Doctorate,International Max Planck Research School Physics of Light (IMPRS-PL),https://www2.daad.de/deutschland/studienangebote/international-programmes/en/detail/3908/,Max Planck Institute for the Science of Light ,Erlangen,inquire,English,6 semesters,Any time,Structured research and supervision,Erlangen,Erlangen,Bavaria
164,165,PhD / Doctorate,International Max Planck Research School Primary Metabolism and Plant Growth (IMPRS-PMPG),https://www2.daad.de/deutschland/studienangebote/international-programmes/en/detail/4117/,Max Planck Institute of Molecular Plant Physiology ,Potsdam,inquire,English,6 semesters,Any time,Structured research and supervision,Potsdam,Potsdam,Brandenburg
165,166,PhD / Doctorate,International PhD Programme (IPP) Literary and Cultural Studies,https://www2.daad.de/deutschland/studienangebote/international-programmes/en/detail/3695/,Justus Liebig University Giessen ,Gießen,inquire,"German, English",6 semesters,Winter semester,Structured research and supervision,Gießen,Gießen,Hesse
166,167,PhD / Doctorate,"International PhD Programme for Agricultural Economics, Bioeconomy and Rural Development (IPPAE)",https://www2.daad.de/deutschland/studienangebote/international-programmes/en/detail/3740/,Justus Liebig University Giessen ,Gießen,inquire,English,6 semesters,Winter semester,Structured research and supervision,Gießen,Gießen,Hesse
167,168,PhD / Doctorate,"International PhD Programme for Agricultural Economics, Bioeconomy and Rural Development (IPPAE)",https://www2.daad.de/deutschland/studienangebote/international-programmes/en/detail/7032/,University of Hohenheim ,Stuttgart,inquire,English,6 semesters,Winter semester,Structured research and supervision,Stuttgart,Stuttgart,Baden-Württemberg
168,169,PhD / Doctorate,"International PhD Programme on Gene Regulation, Epigenetics and Genome Stability",https://www2.daad.de/deutschland/studienangebote/international-programmes/en/detail/4374/,Institute of Molecular Biology (IMB) ,Mainz,inquire,English,6 semesters,Any time,Structured research and supervision,Mainz,Mainz,Rhineland-Palatinate
169,170,PhD / Doctorate,International PhD Programme: Science and Health in Football,https://www2.daad.de/deutschland/studienangebote/international-programmes/en/detail/4720/,Saarland University ,Saarbrücken,inquire,English,6 semesters,Any time,Structured research and supervision,Saarbrücken,Saarbrücken,Saarland
170,171,PhD / Doctorate,International Research Training Group 1902 - Intra- and Interorgan Communication of the Cardiovascular System,https://www2.daad.de/deutschland/studienangebote/international-programmes/en/detail/4572/,Heinrich Heine University Düsseldorf ,Düsseldorf,inquire,English,6 semesters,Any time,Structured research and supervision,Düsseldorf,Düsseldorf,North Rhine-Westphalia
171,172,PhD / Doctorate,International Research Training Group on Chemical Biology of Epigenetic Modifications,https://www2.daad.de/deutschland/studienangebote/international-programmes/en/detail/6145/,Ludwig-Maximilians-Universität München ,München,inquire,English,6 semesters,Any time,Structured research and supervision,Munich,Munich,Bavaria
172,173,PhD / Doctorate,International School of Applied Mathematics (ISAM),https://www2.daad.de/deutschland/studienangebote/international-programmes/en/detail/4310/,Technische Universität München ,Garching b. München,inquire,English,6 semesters,Any time,Structured research and supervision,Garching bei München,Garching bei München,Bavaria
173,174,PhD / Doctorate,International ZIBI Graduate School for Infectious Diseases and Immunology Berlin,https://www2.daad.de/deutschland/studienangebote/international-programmes/en/detail/6117/,Freie Universität Berlin ,Berlin,inquire,English,8 semesters,Any time,Structured research and supervision,Berlin,Berlin,Berlin
174,175,PhD / Doctorate,IPAG - International PhD Programme in Agricultural Science,https://www2.daad.de/deutschland/studienangebote/international-programmes/en/detail/3668/,University of Göttingen ,Göttingen,inquire,English,6 semesters,Any time,Structured research and supervision,Göttingen,Göttingen,Lower Saxony
175,176,PhD / Doctorate,Jena School for Microbial Communication (JSMC),https://www2.daad.de/deutschland/studienangebote/international-programmes/en/detail/4005/,Friedrich Schiller University Jena ,Jena,inquire,English,7 semesters,Any time,Structured research and supervision,Jena,Jena,Thuringia
176,177,PhD / Doctorate,"Joint Doctor of Philosophy (PhD) in Integrated Management of Water, Soil and Waste",https://www2.daad.de/deutschland/studienangebote/international-programmes/en/detail/4534/,Technische Universität Dresden ,Dresden,inquire,English,7 semesters,"Winter semester, Summer semester",Structured research and supervision,Dresden,Dresden,Saxony
177,178,PhD / Doctorate,Joint Research Academy in Biomedical Engineering and Science of Hearing and Sensory Systems,https://www2.daad.de/deutschland/studienangebote/international-programmes/en/detail/4457/,University of Oldenburg ,Oldenburg,inquire,English,6 semesters,"Winter semester, Summer semester",Structured research and supervision,Oldenburg,Oldenburg,Lower Saxony
178,179,Graduate school,Karlsruhe School of Elementary Particle and Astroparticle Physics (KSETA),https://www2.daad.de/deutschland/studienangebote/international-programmes/en/detail/6180/,Karlsruhe Institute of Technology ,Karlsruhe,inquire,English,6 semesters,"Winter semester, Summer semester",Structured research and supervision,Karlsruhe,Karlsruhe,Baden-Württemberg
179,180,PhD / Doctorate,Konstanz Research School Chemical Biology (KoRS-CB),https://www2.daad.de/deutschland/studienangebote/international-programmes/en/detail/4039/,University of Konstanz ,Konstanz,inquire,English,6 semesters,"Winter semester, Summer semester",Structured research and supervision,Konstanz,Konstanz,Baden-Württemberg
180,181,PhD / Doctorate,Leibniz Graduate School on Aging and Age-Related Diseases (LGSA),https://www2.daad.de/deutschland/studienangebote/international-programmes/en/detail/4426/,Leibniz Institute on Aging - Fritz Lipmann Institute e.V. (FLI) ,Jena,inquire,English,6 semesters,"Winter semester, Summer semester",Structured research and supervision,Jena,Jena,Thuringia
181,182,PhD / Doctorate,"Mainz Research School of Translational Biomedicine (TransMed), International PhD Programme in Life Sciences",https://www2.daad.de/deutschland/studienangebote/international-programmes/en/detail/4647/,Johannes Gutenberg University Mainz ,Mainz,inquire,English,6 semesters,Any time,Structured research and supervision,Mainz,Mainz,Rhineland-Palatinate
182,183,Graduate school,MArburg University Research Academy (MARA),https://www2.daad.de/deutschland/studienangebote/international-programmes/en/detail/5258/,Philipps-Universität Marburg ,Marburg,inquire,English,6 semesters,Any time,Structured research and supervision,Marburg,Marburg,Hesse
183,184,PhD / Doctorate,Max Planck Graduate Center for Quantum Materials,https://www2.daad.de/deutschland/studienangebote/international-programmes/en/detail/6167/,Max Planck Institute for Solid State Research ,Stuttgart,inquire,English,8 semesters,Any time,Structured research and supervision,Stuttgart,Stuttgart,Baden-Württemberg
184,185,PhD / Doctorate,Max Planck School Matter to Life – Combined Master's & PhD Programme,https://www2.daad.de/deutschland/studienangebote/international-programmes/en/detail/7037/,Universität Heidelberg ,Heidelberg,inquire,English,More than 9 semesters,Winter semester,Structured research and supervision,Heidelberg,Heidelberg,Baden-Württemberg
185,186,PhD / Doctorate,Max Planck School of Photonics – PhD Programme,https://www2.daad.de/deutschland/studienangebote/international-programmes/en/detail/5586/,Friedrich Schiller University Jena ,Jena,inquire,English,6 semesters,Any time,Structured research and supervision,Jena,Jena,Thuringia
186,187,PhD / Doctorate,MD/PhD Programme: Molecular Medicine,https://www2.daad.de/deutschland/studienangebote/international-programmes/en/detail/3966/,Hannover Medical School ,Hannover,inquire,English,6 semesters,Winter semester,Structured research and supervision,Hanover,Hanover,Lower Saxony
187,188,PhD / Doctorate,MDC International PhD Programme in Biomedical Sciences,https://www2.daad.de/deutschland/studienangebote/international-programmes/en/detail/4118/,Max Delbrück Center for Molecular Medicine (MDC) Berlin ,Berlin,inquire,English,More than 9 semesters,Any time,Structured research and supervision,Berlin,Berlin,Berlin
188,189,PhD / Doctorate,Munich Graduate School of Economics (MGSE),https://www2.daad.de/deutschland/studienangebote/international-programmes/en/detail/3767/,Ludwig-Maximilians-Universität München ,München,inquire,English,More than 9 semesters,Winter semester,Structured research and supervision,Munich,Munich,Bavaria
189,190,PhD / Doctorate,Münster Graduate School of Evolution (MGSE),https://www2.daad.de/deutschland/studienangebote/international-programmes/en/detail/4586/,University of Münster ,Münster,inquire,English,More than 9 semesters,Winter semester,Structured research and supervision,Münster,Münster,North Rhine-Westphalia
190,191,PhD / Doctorate,Nanoagents for Spatiotemporal Control of Molecular and Cellular Reactions (DFG-SFB 1032 Integriertes GRK),https://www2.daad.de/deutschland/studienangebote/international-programmes/en/detail/4449/,Ludwig-Maximilians-Universität München ,München,inquire,English,More than 9 semesters,Winter semester,Structured research and supervision,Munich,Munich,Bavaria
191,192,PhD / Doctorate,PEI - PhD Programme for Environmental Informatics,https://www2.daad.de/deutschland/studienangebote/international-programmes/en/detail/4075/,University of Göttingen ,Göttingen,inquire,"German, English",6 semesters,Any time,Structured research and supervision,Göttingen,Göttingen,Lower Saxony
192,193,PhD / Doctorate,PhD Genomic and Molecular Medicine - Personalised Approaches to Childhood Health,https://www2.daad.de/deutschland/studienangebote/international-programmes/en/detail/6398/,Ludwig-Maximilians-Universität München ,München,inquire,English,6 semesters,Winter semester,Structured research and supervision,Munich,Munich,Bavaria
193,194,PhD / Doctorate,PhD in Computer Science,https://www2.daad.de/deutschland/studienangebote/international-programmes/en/detail/3819/,Technische Universität Kaiserslautern ,Kaiserslautern,inquire,English,6 semesters,"Winter semester, Summer semester",Structured research and supervision,Kaiserslautern,Kaiserslautern,Rhineland-Palatinate
194,195,PhD / Doctorate,PhD in International Development Studies,https://www2.daad.de/deutschland/studienangebote/international-programmes/en/detail/4006/,Ruhr-Universität Bochum ,Bochum,inquire,English,6 semesters,Winter semester,Structured research and supervision,Bochum,Bochum,North Rhine-Westphalia
195,196,PhD / Doctorate,PhD in Mathematics (Mathematics as a Key Technology),https://www2.daad.de/deutschland/studienangebote/international-programmes/en/detail/3755/,Technische Universität Kaiserslautern ,Kaiserslautern,inquire,English,6 semesters,Any time,Structured research and supervision,Kaiserslautern,Kaiserslautern,Rhineland-Palatinate
196,197,PhD / Doctorate,PhD in Medical Sciences,https://www2.daad.de/deutschland/studienangebote/international-programmes/en/detail/4839/,Heinrich Heine University Düsseldorf ,Düsseldorf,inquire,"German, English",6 semesters,Any time,Structured research and supervision,Düsseldorf,Düsseldorf,North Rhine-Westphalia
197,198,PhD / Doctorate,PhD in Neuroscience – International Max Planck Research School (IMPRS) for Brain and Behaviour,https://www2.daad.de/deutschland/studienangebote/international-programmes/en/detail/5335/,Research Center caesar ,Bonn,inquire,English,6 semesters,Any time,Structured research and supervision,Bonn,Bonn,North Rhine-Westphalia
198,199,PhD / Doctorate,PhD Medical Research - Epidemiology & Public Health,https://www2.daad.de/deutschland/studienangebote/international-programmes/en/detail/5296/,Ludwig-Maximilians-Universität München ,München,inquire,English,6 semesters,Winter semester,Structured research and supervision,Munich,Munich,Bavaria
199,200,PhD / Doctorate,PhD Oral Sciences,https://www2.daad.de/deutschland/studienangebote/international-programmes/en/detail/7045/,Ludwig-Maximilians-Universität München ,München,inquire,English,6 semesters,Winter semester,Structured research and supervision,Munich,Munich,Bavaria
200,201,PhD / Doctorate,PhD Programme Auditory Sciences,https://www2.daad.de/deutschland/studienangebote/international-programmes/en/detail/6382/,Hannover Medical School ,Hannover,inquire,English,6 semesters,Winter semester,Structured research and supervision,Hanover,Hanover,Lower Saxony
201,202,PhD / Doctorate,PhD Programme Environmental and Resource Management (ERM),https://www2.daad.de/deutschland/studienangebote/international-programmes/en/detail/3984/,Brandenburg University of Technology Cottbus-Senftenberg ,Cottbus,inquire,English,6 semesters,"Winter semester, Summer semester",Structured research and supervision,Cottbus,Cottbus,Brandenburg
202,203,PhD / Doctorate,PhD Programme Heritage Studies,https://www2.daad.de/deutschland/studienangebote/international-programmes/en/detail/4183/,Brandenburg University of Technology Cottbus-Senftenberg ,Cottbus,inquire,English,6 semesters,"Winter semester, Summer semester",Structured research and supervision,Cottbus,Cottbus,Brandenburg
203,204,PhD / Doctorate,PhD Programme in Accounting,https://www2.daad.de/deutschland/studienangebote/international-programmes/en/detail/7041/,Goethe University Frankfurt ,Frankfurt am Main,inquire,English,8 semesters,Winter semester,Structured research and supervision,Frankfurt am Main,Frankfurt am Main,Hesse
204,205,PhD / Doctorate,PhD Programme in Computer Science (PCS),https://www2.daad.de/deutschland/studienangebote/international-programmes/en/detail/4073/,University of Göttingen ,Göttingen,inquire,"German, English",6 semesters,Any time,Structured research and supervision,Göttingen,Göttingen,Lower Saxony
205,206,PhD / Doctorate,PhD Programme in Economics,https://www2.daad.de/deutschland/studienangebote/international-programmes/en/detail/4543/,Goethe University Frankfurt ,Frankfurt am Main,inquire,English,8 semesters,Winter semester,Structured research and supervision,Frankfurt am Main,Frankfurt am Main,Hesse
206,207,PhD / Doctorate,PhD Programme in Epidemiology,https://www2.daad.de/deutschland/studienangebote/international-programmes/en/detail/4786/,Hannover Medical School ,Braunschweig,inquire,English,6 semesters,"Winter semester, Summer semester",Structured research and supervision,Braunschweig,Braunschweig,Lower Saxony
207,208,PhD / Doctorate,PhD Programme in Finance,https://www2.daad.de/deutschland/studienangebote/international-programmes/en/detail/5389/,Goethe University Frankfurt ,Frankfurt am Main,inquire,English,8 semesters,Winter semester,Structured research and supervision,Frankfurt am Main,Frankfurt am Main,Hesse
208,209,PhD / Doctorate,PhD Programme in Marketing,https://www2.daad.de/deutschland/studienangebote/international-programmes/en/detail/5390/,Goethe University Frankfurt ,Frankfurt am Main,inquire,English,8 semesters,Winter semester,Structured research and supervision,Frankfurt am Main,Frankfurt am Main,Hesse
209,210,PhD / Doctorate,PhD Programme in Mathematical Sciences,https://www2.daad.de/deutschland/studienangebote/international-programmes/en/detail/3941/,University of Göttingen ,Göttingen,inquire,English,6 semesters,Any time,Structured research and supervision,Göttingen,Göttingen,Lower Saxony
210,211,PhD / Doctorate,PhD Programme in Medical Life Science and Technology,https://www2.daad.de/deutschland/studienangebote/international-programmes/en/detail/4095/,Technische Universität München ,München,inquire,English,6 semesters,"Winter semester, Summer semester",Structured research and supervision,Munich,Munich,Bavaria
211,212,PhD / Doctorate,PhD Programme in Optics & Photonics at the Karlsruhe School of Optics & Photonics (KSOP),https://www2.daad.de/deutschland/studienangebote/international-programmes/en/detail/3952/,Karlsruhe Institute of Technology ,Karlsruhe,inquire,English,6 semesters,Any time,Structured research and supervision,Karlsruhe,Karlsruhe,Baden-Württemberg
212,213,PhD / Doctorate,PhD Programme Medical Research - International Health,https://www2.daad.de/deutschland/studienangebote/international-programmes/en/detail/4133/,Ludwig-Maximilians-Universität München ,München,inquire,English,6 semesters,Winter semester,Structured research and supervision,Munich,Munich,Bavaria
213,214,PhD / Doctorate,PhD Programme of the Faculties of Veterinary Medicine and Medicine,https://www2.daad.de/deutschland/studienangebote/international-programmes/en/detail/6878/,Justus Liebig University Giessen ,Gießen,inquire,English,6 semesters,Winter semester,Structured research and supervision,Gießen,Gießen,Hesse
214,215,PhD / Doctorate,PhD Programme of the International Max Planck Research School for Condensed Matter Science,https://www2.daad.de/deutschland/studienangebote/international-programmes/en/detail/3875/,Max Planck Institute for Solid State Research ,Stuttgart,inquire,English,8 semesters,Any time,Structured research and supervision,Stuttgart,Stuttgart,Baden-Württemberg
215,216,PhD / Doctorate,PhD Programme: Infection Biology (ZIB),https://www2.daad.de/deutschland/studienangebote/international-programmes/en/detail/3967/,Hannover Medical School ,Hannover,inquire,English,6 semesters,Winter semester,Structured research and supervision,Hanover,Hanover,Lower Saxony
216,217,PhD / Doctorate,PhD Programme: Regenerative Sciences,https://www2.daad.de/deutschland/studienangebote/international-programmes/en/detail/3968/,Hannover Medical School ,Hannover,inquire,English,6 semesters,Winter semester,Structured research and supervision,Hanover,Hanover,Lower Saxony
217,218,PhD / Doctorate,PhD/MD-PhD Programme - Experimental Medicine,https://www2.daad.de/deutschland/studienangebote/international-programmes/en/detail/6346/,University of Tübingen ,Tübingen,inquire,English,6 semesters,Any time,Structured research and supervision,Tübingen,Tübingen,Baden-Württemberg
218,219,PhD / Doctorate,Physics (PhD),https://www2.daad.de/deutschland/studienangebote/international-programmes/en/detail/4810/,University of Göttingen ,Göttingen,inquire,English,6 semesters,Any time,Structured research and supervision,Göttingen,Göttingen,Lower Saxony
219,220,PhD / Doctorate,Postgraduate International Programme in Physics and Electrical Engineering PIP,https://www2.daad.de/deutschland/studienangebote/international-programmes/en/detail/4191/,University of Bremen ,Bremen,inquire,"German, English",8 semesters,Any time,Structured research and supervision,Bremen,Bremen,Bremen
220,221,PhD / Doctorate,Privacy and Digitalisation (DFG Research Training Group 1681/2),https://www2.daad.de/deutschland/studienangebote/international-programmes/en/detail/4336/,University of Passau ,Passau,inquire,German,6 semesters,Any time,Structured research and supervision,Passau,Passau,Bavaria
221,222,PhD / Doctorate,Public International Law: Human Rights – International Economic and Environmental Law – International Criminal Law,https://www2.daad.de/deutschland/studienangebote/international-programmes/en/detail/5375/,University of Göttingen ,Göttingen,inquire,English,6 semesters,Winter semester,Structured research and supervision,Göttingen,Göttingen,Lower Saxony
222,223,PhD / Doctorate,Research Training Group 2088 — Discovering Structure in Complex Data: Statistics Meets Optimisation and Inverse Problems,https://www2.daad.de/deutschland/studienangebote/international-programmes/en/detail/6897/,University of Göttingen ,Göttingen,inquire,English,6 semesters,Any time,Structured research and supervision,Göttingen,Göttingen,Lower Saxony
223,224,PhD / Doctorate,Research Training Group 2433: Differential Equation- and Data-Driven Models in Life Sciences and Fluid Dynamics (DAEDALUS),https://www2.daad.de/deutschland/studienangebote/international-programmes/en/detail/7038/,Technische Universität Berlin ,Berlin,inquire,English,6 semesters,Other,Structured research and supervision,Berlin,Berlin,Berlin
224,225,PhD / Doctorate,Research Training Group Molecular Basis of Sensory Biology,https://www2.daad.de/deutschland/studienangebote/international-programmes/en/detail/5396/,University of Oldenburg ,Oldenburg,inquire,English,6 semesters,Any time,Structured research and supervision,Oldenburg,Oldenburg,Lower Saxony
225,226,PhD / Doctorate,Research Training Group of the Collaborative Research Centre 1369: Cultures of Vigilance,https://www2.daad.de/deutschland/studienangebote/international-programmes/en/detail/7042/,Ludwig-Maximilians-Universität München ,München,inquire,"German, English",8 semesters,Other,Structured research and supervision,Munich,Munich,Bavaria
226,227,PhD / Doctorate,RTG GRK2338 Targets in Toxicology - Deciphering Therapeutic Targets in Lung Toxicology,https://www2.daad.de/deutschland/studienangebote/international-programmes/en/detail/5456/,Ludwig-Maximilians-Universität München ,München,inquire,"German, English",8 semesters,Other,Structured research and supervision,Munich,Munich,Bavaria
227,228,Graduate school,RUB Research School,https://www2.daad.de/deutschland/studienangebote/international-programmes/en/detail/7119/,Ruhr-Universität Bochum ,Bochum,inquire,"German, English",8 semesters,Other,Structured research and supervision,Bochum,Bochum,North Rhine-Westphalia
228,229,PhD / Doctorate,Science of Intelligence (SCIoI),https://www2.daad.de/deutschland/studienangebote/international-programmes/en/detail/7082/,Technische Universität Berlin ,Berlin,inquire,English,6 semesters,Winter semester,Structured research and supervision,Berlin,Berlin,Berlin
229,230,PhD / Doctorate,Solar System School — International Max Planck Research School for Solar System Science (PhD),https://www2.daad.de/deutschland/studienangebote/international-programmes/en/detail/4074/,University of Göttingen ,Göttingen,inquire,English,6 semesters,Any time,Structured research and supervision,Göttingen,Göttingen,Lower Saxony
230,231,PhD / Doctorate,Spemann Graduate School of Biology and Medicine (SGBM),https://www2.daad.de/deutschland/studienangebote/international-programmes/en/detail/6883/,University of Freiburg ,Freiburg im Breisgau,inquire,English,6 semesters,Any time,Structured research and supervision,Freiburg im Breisgau,Freiburg im Breisgau,Baden-Württemberg
231,232,PhD / Doctorate,Structured PhD Programme in Integrated Climate System Sciences (ICSS),https://www2.daad.de/deutschland/studienangebote/international-programmes/en/detail/4116/,Universität Hamburg ,Hamburg,inquire,English,6 semesters,"Winter semester, Summer semester",Structured research and supervision,Hamburg,Hamburg,Hamburg
232,233,Graduate school,The Graduate School of Life Sciences (GSLS),https://www2.daad.de/deutschland/studienangebote/international-programmes/en/detail/5418/,Julius-Maximilians-Universität Würzburg ,Würzburg,inquire,English,6 semesters,"Winter semester, Summer semester",Structured research and supervision,Würzburg,Würzburg,Bavaria
233,234,PhD / Doctorate,"Trafficking of Immune Cells in Inflammation, Development and Disease (DFG-SFB 914 Integriertes GRK)",https://www2.daad.de/deutschland/studienangebote/international-programmes/en/detail/4367/,Ludwig-Maximilians-Universität München ,München,inquire,English,6 semesters,"Winter semester, Summer semester",Structured research and supervision,Munich,Munich,Bavaria
234,235,PhD / Doctorate,"Trinational Doctoral Programme in Europe's Founding Myths in Literature, Art and Music",https://www2.daad.de/deutschland/studienangebote/international-programmes/en/detail/6881/,University of Bonn ,Bonn,inquire,"German, French, Italian",6 semesters,Any time,Structured research and supervision,Bonn,Bonn,North Rhine-Westphalia
235,236,PhD / Doctorate,Trinational Doctoral Programme in Italian Studies,https://www2.daad.de/deutschland/studienangebote/international-programmes/en/detail/3857/,University of Bonn ,Bonn,inquire,"German, Italian",6 semesters,Any time,Structured research and supervision,Bonn,Bonn,North Rhine-Westphalia
236,237,PhD / Doctorate,Tübingen International PhD Programme: Biological Sciences,https://www2.daad.de/deutschland/studienangebote/international-programmes/en/detail/4130/,Max Planck Institute for Developmental Biology ,Tübingen,inquire,English,8 semesters,Any time,Structured research and supervision,Tübingen,Tübingen,Baden-Württemberg
237,238,PhD / Doctorate,Understanding Written Artefacts Doctoral Programme,https://www2.daad.de/deutschland/studienangebote/international-programmes/en/detail/6935/,Universität Hamburg ,Hamburg,inquire,English,6 semesters,Any time,Structured research and supervision,Hamburg,Hamburg,Hamburg
238,239,PhD / Doctorate,Wood Biology and Wood Technology (PhD),https://www2.daad.de/deutschland/studienangebote/international-programmes/en/detail/3694/,University of Göttingen ,Göttingen,inquire,English,6 semesters,Any time,Structured research and supervision,Göttingen,Göttingen,Lower Saxony
