,Unnamed: 0,course_type,course_name,course_link,uni_name,german_cities_x,tution_fee,lang_of_instr,dura_of_study,semester_beginning,online_course_elemen,online_subject_el,oline_e_learning_type,german_cities_dup,german_cities_y,german_states
0,1,Bachelor's degree,Advertising & Brand Communication (BA),https://www2.daad.de/deutschland/studienangebote/international-programmes/en/detail/6217/,SRH Berlin University of Applied Sciences ,Berlin,"3.900,00",English,7 semesters,"Winter semester, Summer semester",,,,Berlin,Berlin,Berlin
1,2,Bachelor's degree,"African Verbal and Visual Arts: Languages, Literatures, Media and Art (BA)",https://www2.daad.de/deutschland/studienangebote/international-programmes/en/detail/5443/,University of Bayreuth ,Bayreuth,none,English,6 semesters,Winter semester,,,,Bayreuth,Bayreuth,Bavaria
2,3,Bachelor's degree,"Agribusiness, BA",https://www2.daad.de/deutschland/studienangebote/international-programmes/en/detail/4229/,Rhine-Waal University of Applied Sciences ,Kleve,none,English,7 semesters,Winter semester,,,,Kleve,Kleve,North Rhine-Westphalia
3,4,Bachelor's degree,Applied Biology (BSc),https://www2.daad.de/deutschland/studienangebote/international-programmes/en/detail/3779/,Hochschule Bonn-Rhein-Sieg ,Rheinbach,none,English,6 semesters,Winter semester,,,,Rheinbach,Rheinbach,North Rhine-Westphalia
4,5,Bachelor's degree,Applied Cultural and Translation Studies (German-Polish),https://www2.daad.de/deutschland/studienangebote/international-programmes/en/detail/7016/,University of Potsdam ,Potsdam,none,"German, Other teaching language",6 semesters,Winter semester,,,,Potsdam,Potsdam,Brandenburg
5,6,Bachelor's degree,Applied Mathematics,https://www2.daad.de/deutschland/studienangebote/international-programmes/en/detail/4725/,Mittweida University of Applied Sciences ,Mittweida,none,English,6 semesters,Winter semester,,,,Mittweida,Mittweida,Saxony
6,7,Bachelor's degree,Audio Design (BA),https://www2.daad.de/deutschland/studienangebote/international-programmes/en/detail/6219/,SRH Berlin University of Applied Sciences ,Berlin,"4.500,00",English,7 semesters,Summer semester,,,,Berlin,Berlin,Berlin
7,8,Bachelor's degree,Autonomous Vehicle Engineering,https://www2.daad.de/deutschland/studienangebote/international-programmes/en/detail/6920/,Technische Hochschule Ingolstadt ,Ingolstadt,none,English,7 semesters,Winter semester,,,,Ingolstadt,Ingolstadt,Bavaria
8,9,Bachelor's degree,Aviation Management Bachelor of Arts,https://www2.daad.de/deutschland/studienangebote/international-programmes/en/detail/4335/,Worms University of Applied Sciences ,Worms,none,English,7 semesters,Summer semester,,,,Worms,Worms,Rhineland-Palatinate
9,10,Bachelor's degree,BA Architecture,https://www2.daad.de/deutschland/studienangebote/international-programmes/en/detail/5660/,Berlin International University of Applied Sciences ,Berlin,"3.960,00",English,8 semesters,Winter semester,,,,Berlin,Berlin,Berlin
10,11,Bachelor's degree,BA Business Administration | International Management & Marketing,https://www2.daad.de/deutschland/studienangebote/international-programmes/en/detail/4538/,Berlin International University of Applied Sciences ,Berlin,"3.960,00",English,6 semesters,Winter semester,,,,Berlin,Berlin,Berlin
11,12,Bachelor's degree,BA Business Administration | Organisational Psychology,https://www2.daad.de/deutschland/studienangebote/international-programmes/en/detail/5460/,Berlin International University of Applied Sciences ,Berlin,"3.960,00",English,6 semesters,Winter semester,,,,Berlin,Berlin,Berlin
12,13,Bachelor's degree,BA Digital Business & Management,https://www2.daad.de/deutschland/studienangebote/international-programmes/en/detail/5461/,Berlin International University of Applied Sciences ,Berlin,"3.960,00",English,6 semesters,Winter semester,,,,Berlin,Berlin,Berlin
13,14,Bachelor's degree,BA European Cultures and Society (EUCS),https://www2.daad.de/deutschland/studienangebote/international-programmes/en/detail/3887/,Europa-Universität Flensburg ,Flensburg,none,English,6 semesters,Winter semester,,,,Flensburg,Flensburg,Schleswig-Holstein
14,15,Bachelor's degree,BA German Studies in Cultural Comparison,https://www2.daad.de/deutschland/studienangebote/international-programmes/en/detail/4277/,Universität Heidelberg ,Heidelberg,varied,German,6 semesters,"Winter semester, Summer semester",,,,Heidelberg,Heidelberg,Baden-Württemberg
15,16,Bachelor's degree,BA Graphic Design & Visual Communication,https://www2.daad.de/deutschland/studienangebote/international-programmes/en/detail/4557/,Berlin International University of Applied Sciences ,Berlin,"3.960,00",English,6 semesters,Winter semester,,,,Berlin,Berlin,Berlin
16,17,Bachelor's degree,"BA in Economics, Politics, and Social Thought",https://www2.daad.de/deutschland/studienangebote/international-programmes/en/detail/4537/,"Bard College Berlin, a Liberal Arts University ",Berlin,,English,8 semesters,Winter semester,,,,Berlin,Berlin,Berlin
17,18,Bachelor's degree,"BA in Humanities, the Arts, and Social Thought",https://www2.daad.de/deutschland/studienangebote/international-programmes/en/detail/4535/,"Bard College Berlin, a Liberal Arts University ",Berlin,,English,8 semesters,Winter semester,,,,Berlin,Berlin,Berlin
18,19,Bachelor's degree,BA in International Management,https://www2.daad.de/deutschland/studienangebote/international-programmes/en/detail/4546/,University of Applied Sciences Würzburg-Schweinfurt ,Würzburg,none,English,7 semesters,Winter semester,,,,Würzburg,Würzburg,Bavaria
19,20,Bachelor's degree,BA Interior Design,https://www2.daad.de/deutschland/studienangebote/international-programmes/en/detail/4539/,Berlin International University of Applied Sciences ,Berlin,"3.960,00",English,6 semesters,Winter semester,,,,Berlin,Berlin,Berlin
20,21,Bachelor's degree,BA International Business – Intercultural Studies (IBIS),https://www2.daad.de/deutschland/studienangebote/international-programmes/en/detail/3930/,Heilbronn University of Applied Sciences ,Heilbronn,"1.500,00","German, English, French, Russian, Spanish, Other teaching language",7 semesters,"Winter semester, Summer semester",,,,Heilbronn,Heilbronn,Baden-Württemberg
21,22,Bachelor's degree,BA International Management Studies in the Baltic Sea Region (BMS),https://www2.daad.de/deutschland/studienangebote/international-programmes/en/detail/6453/,Stralsund University of Applied Sciences ,Stralsund,none,English,8 semesters,Winter semester,,,,Stralsund,Stralsund,Mecklenburg-Western Pomerania
22,23,Bachelor's degree,BA Management in International Business,https://www2.daad.de/deutschland/studienangebote/international-programmes/en/detail/6403/,University of Applied Management Studies ,Mannheim,"3.540,00",English,6 semesters,"Winter semester, Summer semester",,,,Mannheim,Mannheim,Baden-Württemberg
23,24,Bachelor's degree,Bachelor Electrical Engineering/Elektrotechnik (BEng),https://www2.daad.de/deutschland/studienangebote/international-programmes/en/detail/4762/,HTW Dresden - University of Applied Sciences ,Dresden,none,"German, English",8 semesters,Winter semester,,,,Dresden,Dresden,Saxony
24,25,Bachelor's degree,Bachelor German as a Second/Foreign Language - BA Deutsch als Zweit-/Fremdsprache,https://www2.daad.de/deutschland/studienangebote/international-programmes/en/detail/6971/,University of Education Freiburg ,Freiburg im Breisgau,varied,"German, English",6 semesters,Winter semester,,,,Freiburg im Breisgau,Freiburg im Breisgau,Baden-Württemberg
25,26,Bachelor's degree,Bachelor in European Economic Studies (BSc in EES),https://www2.daad.de/deutschland/studienangebote/international-programmes/en/detail/3635/,University of Bamberg ,Bamberg,none,"German, English",6 semesters,Winter semester,,,,Bamberg,Bamberg,Bavaria
26,27,Bachelor's degree,Bachelor in Management & Technology (BSc) - Heilbronn,https://www2.daad.de/deutschland/studienangebote/international-programmes/en/detail/5704/,Technische Universität München ,Heilbronn,none,English,6 semesters,Winter semester,,,,Heilbronn,Heilbronn,Baden-Württemberg
27,28,Bachelor's degree,Bachelor International Business (BIB),https://www2.daad.de/deutschland/studienangebote/international-programmes/en/detail/3906/,HTW Berlin ,Berlin,none,English,7 semesters,"Winter semester, Summer semester",,,,Berlin,Berlin,Berlin
28,29,Bachelor's degree,Bachelor of Arts in Business Management and Psychology (BMP),https://www2.daad.de/deutschland/studienangebote/international-programmes/en/detail/4828/,Furtwangen University ,Villingen-Schwenningen,"1.500,00","German, English",7 semesters,Summer semester,,,,Villingen-Schwenningen,Villingen-Schwenningen,Baden-Württemberg
29,30,Bachelor's degree,Bachelor of Arts in European Studies / Bachelor of Arts in European Studies (Major),https://www2.daad.de/deutschland/studienangebote/international-programmes/en/detail/3642/,University of Passau ,Passau,none,"German, English, French, Italian, Russian, Spanish, Other teaching language",6 semesters,"Winter semester, Summer semester",,,,Passau,Passau,Bavaria
30,31,Bachelor's degree,Bachelor of Arts in Fashion Design (with internship),https://www2.daad.de/deutschland/studienangebote/international-programmes/en/detail/5617/,Hochschule Fresenius - University of Applied Sciences ,Berlin,"4.050,00",English,7 semesters,Winter semester,,,,Berlin,Berlin,Berlin
31,32,Bachelor's degree,Bachelor of Arts in Global Economics and Management,https://www2.daad.de/deutschland/studienangebote/international-programmes/en/detail/4128/,Jacobs University Bremen ,Bremen,"10.000,00",English,6 semesters,Winter semester,,,,Bremen,Bremen,Bremen
32,33,Bachelor's degree,Bachelor of Arts in Governance and Public Policy,https://www2.daad.de/deutschland/studienangebote/international-programmes/en/detail/6285/,University of Passau ,Passau,none,German,6 semesters,Winter semester,,,,Passau,Passau,Bavaria
33,34,Bachelor's degree,"Bachelor of Arts in International Business (Internationale Betriebswirtschaft, IBW)",https://www2.daad.de/deutschland/studienangebote/international-programmes/en/detail/5274/,Furtwangen University ,Villingen-Schwenningen,"1.500,00","German, English, Chinese, French, Spanish",7 semesters,"Winter semester, Summer semester",,,,Villingen-Schwenningen,Villingen-Schwenningen,Baden-Württemberg
34,35,Bachelor's degree,Bachelor of Arts in International Business Administration,https://www2.daad.de/deutschland/studienangebote/international-programmes/en/detail/4631/,Jacobs University Bremen ,Bremen,"10.000,00",English,6 semesters,Winter semester,,,,Bremen,Bremen,Bremen
35,36,Bachelor's degree,Bachelor of Arts in International Business Management (IBM),https://www2.daad.de/deutschland/studienangebote/international-programmes/en/detail/3675/,Furtwangen University ,Villingen-Schwenningen,"1.500,00",English,7 semesters,Winter semester,,,,Villingen-Schwenningen,Villingen-Schwenningen,Baden-Württemberg
36,37,Bachelor's degree,Bachelor of Arts in International Cultural and Business Studies,https://www2.daad.de/deutschland/studienangebote/international-programmes/en/detail/3643/,University of Passau ,Passau,none,"German, English, Chinese, French, Italian, Russian, Spanish, Other teaching language",6 semesters,Winter semester,,,,Passau,Passau,Bavaria
37,38,Bachelor's degree,Bachelor of Arts in International Relations: Politics and History,https://www2.daad.de/deutschland/studienangebote/international-programmes/en/detail/4048/,Jacobs University Bremen ,Bremen,"10.000,00",English,6 semesters,Winter semester,,,,Bremen,Bremen,Bremen
38,39,Bachelor's degree,Bachelor of Arts in North American Studies,https://www2.daad.de/deutschland/studienangebote/international-programmes/en/detail/4612/,Freie Universität Berlin ,Berlin,none,English,6 semesters,Winter semester,,,,Berlin,Berlin,Berlin
39,40,Bachelor's degree,"Bachelor of Arts in Society, Media and Politics",https://www2.daad.de/deutschland/studienangebote/international-programmes/en/detail/3592/,Jacobs University Bremen ,Bremen,"10.000,00",English,6 semesters,Winter semester,,,,Bremen,Bremen,Bremen
40,41,Bachelor's degree,Bachelor of Engineering in Biomedical Engineering,https://www2.daad.de/deutschland/studienangebote/international-programmes/en/detail/4008/,FH Aachen University of Applied Sciences ,Jülich,none,German,6 semesters,Winter semester,,,,Jülich,Jülich,North Rhine-Westphalia
41,42,Bachelor's degree,Bachelor of Engineering in Electrical Engineering,https://www2.daad.de/deutschland/studienangebote/international-programmes/en/detail/3998/,FH Aachen University of Applied Sciences ,Jülich,none,German,6 semesters,Winter semester,,,,Jülich,Jülich,North Rhine-Westphalia
42,43,Bachelor's degree,Bachelor of Engineering in Engineering Physics,https://www2.daad.de/deutschland/studienangebote/international-programmes/en/detail/3772/,University of Oldenburg ,Oldenburg,none,"German, English",6 semesters,Winter semester,,,,Oldenburg,Oldenburg,Lower Saxony
43,44,Bachelor's degree,Bachelor of Engineering in Mechanical Engineering,https://www2.daad.de/deutschland/studienangebote/international-programmes/en/detail/4009/,FH Aachen University of Applied Sciences ,Jülich,none,German,6 semesters,Winter semester,,,,Jülich,Jülich,North Rhine-Westphalia
44,45,Bachelor's degree,Bachelor of Engineering in Physical Engineering,https://www2.daad.de/deutschland/studienangebote/international-programmes/en/detail/4011/,FH Aachen University of Applied Sciences ,Jülich,none,German,6 semesters,Winter semester,,,,Jülich,Jülich,North Rhine-Westphalia
45,46,Bachelor's degree,Bachelor of Intercultural German Studies (Bachelor Interkulturelle Germanistik),https://www2.daad.de/deutschland/studienangebote/international-programmes/en/detail/5562/,University of Bayreuth ,Bayreuth,none,German,6 semesters,"Winter semester, Summer semester",,,,Bayreuth,Bayreuth,Bavaria
46,47,Bachelor's degree,Bachelor of Science Biomedical Engineering,https://www2.daad.de/deutschland/studienangebote/international-programmes/en/detail/4812/,Technische Universität Ilmenau ,Ilmenau,none,"German, English",7 semesters,Summer semester,,,,Ilmenau,Ilmenau,Thuringia
47,48,Bachelor's degree,Bachelor of Science in Applied Chemistry,https://www2.daad.de/deutschland/studienangebote/international-programmes/en/detail/3997/,FH Aachen University of Applied Sciences ,Jülich,none,German,6 semesters,Winter semester,,,,Jülich,Jülich,North Rhine-Westphalia
48,49,Bachelor's degree,Bachelor of Science in Biochemistry and Cell Biology (BCCB),https://www2.daad.de/deutschland/studienangebote/international-programmes/en/detail/3659/,Jacobs University Bremen ,Bremen,"10.000,00",English,6 semesters,Winter semester,,,,Bremen,Bremen,Bremen
49,50,Bachelor's degree,Bachelor of Science in Business Administration (BSc),https://www2.daad.de/deutschland/studienangebote/international-programmes/en/detail/4380/,Frankfurt School of Finance & Management ,Frankfurt am Main,"6.950,00",English,7 semesters,Winter semester,,,,Frankfurt am Main,Frankfurt am Main,Hesse
50,51,Bachelor's degree,Bachelor of Science in Business Administration and Economics,https://www2.daad.de/deutschland/studienangebote/international-programmes/en/detail/7076/,University of Passau ,Passau,none,German,6 semesters,Winter semester,,,,Passau,Passau,Bavaria
51,52,Bachelor's degree,Bachelor of Science in Chemistry and Biotechnology,https://www2.daad.de/deutschland/studienangebote/international-programmes/en/detail/3660/,Jacobs University Bremen ,Bremen,"10.000,00",English,6 semesters,Winter semester,,,,Bremen,Bremen,Bremen
52,53,Bachelor's degree,Bachelor of Science in Computer Science,https://www2.daad.de/deutschland/studienangebote/international-programmes/en/detail/3663/,Jacobs University Bremen ,Bremen,"10.000,00",English,6 semesters,Winter semester,,,,Bremen,Bremen,Bremen
53,54,Bachelor's degree,Bachelor of Science in Earth and Environmental Sciences,https://www2.daad.de/deutschland/studienangebote/international-programmes/en/detail/3616/,Jacobs University Bremen ,Bremen,"10.000,00",English,6 semesters,Winter semester,,,,Bremen,Bremen,Bremen
54,55,Bachelor's degree,Bachelor of Science in Electrical and Computer Engineering,https://www2.daad.de/deutschland/studienangebote/international-programmes/en/detail/3664/,Jacobs University Bremen ,Bremen,"10.000,00",English,6 semesters,Winter semester,,,,Bremen,Bremen,Bremen
55,56,Bachelor's degree,Bachelor of Science in Industrial Engineering & Management,https://www2.daad.de/deutschland/studienangebote/international-programmes/en/detail/3898/,Jacobs University Bremen ,Bremen,"10.000,00",English,6 semesters,Winter semester,,,,Bremen,Bremen,Bremen
56,57,Bachelor's degree,Bachelor of Science in Integrated Social and Cognitive Psychology,https://www2.daad.de/deutschland/studienangebote/international-programmes/en/detail/3593/,Jacobs University Bremen ,Bremen,"10.000,00",English,6 semesters,Winter semester,,,,Bremen,Bremen,Bremen
57,58,Bachelor's degree,Bachelor of Science in International Engineering (IEB),https://www2.daad.de/deutschland/studienangebote/international-programmes/en/detail/4203/,Furtwangen University ,Villingen-Schwenningen,,"German, English, Chinese, French, Spanish",7 semesters,Winter semester,,,,Villingen-Schwenningen,Villingen-Schwenningen,Baden-Württemberg
58,59,Bachelor's degree,Bachelor of Science in Mathematics,https://www2.daad.de/deutschland/studienangebote/international-programmes/en/detail/3661/,Jacobs University Bremen ,Bremen,"10.000,00",English,6 semesters,Winter semester,,,,Bremen,Bremen,Bremen
59,60,Bachelor's degree,Bachelor of Science in Mathematics,https://www2.daad.de/deutschland/studienangebote/international-programmes/en/detail/6879/,TU Darmstadt ,Darmstadt,none,"German, English",6 semesters,Winter semester,,,,Darmstadt,Darmstadt,Hesse
60,61,Bachelor's degree,Bachelor of Science in Mathematics with Economics,https://www2.daad.de/deutschland/studienangebote/international-programmes/en/detail/6882/,TU Darmstadt ,Darmstadt,none,"German, English",6 semesters,Winter semester,,,,Darmstadt,Darmstadt,Hesse
61,62,Bachelor's degree,Bachelor of Science in Physics,https://www2.daad.de/deutschland/studienangebote/international-programmes/en/detail/3662/,Jacobs University Bremen ,Bremen,"10.000,00",English,6 semesters,Winter semester,,,,Bremen,Bremen,Bremen
62,63,Bachelor's degree,Bachelor of Science in Robotics and Intelligent Systems,https://www2.daad.de/deutschland/studienangebote/international-programmes/en/detail/4303/,Jacobs University Bremen ,Bremen,"10.000,00",English,6 semesters,Winter semester,,,,Bremen,Bremen,Bremen
63,64,Bachelor's degree,Bachelor of Science in Sustainable Systems Engineering (SSE),https://www2.daad.de/deutschland/studienangebote/international-programmes/en/detail/5326/,University of Freiburg ,Freiburg im Breisgau,varied,"German, English",6 semesters,Winter semester,,,,Freiburg im Breisgau,Freiburg im Breisgau,Baden-Württemberg
64,65,Bachelor's degree,Bachelor of Science: Human Movement in Sports and Exercise,https://www2.daad.de/deutschland/studienangebote/international-programmes/en/detail/4497/,University of Münster ,Münster,none,English,6 semesters,Winter semester,,,,Münster,Münster,North Rhine-Westphalia
65,66,Bachelor's degree,Bachelor's in Business Administration,https://www2.daad.de/deutschland/studienangebote/international-programmes/en/detail/4392/,Kühne Logistics University ,Hamburg,"5.480,00",English,6 semesters,Winter semester,,,,Hamburg,Hamburg,Hamburg
66,67,Bachelor's degree,Bachelor's in Business Studies (BSc),https://www2.daad.de/deutschland/studienangebote/international-programmes/en/detail/4080/,EBS Universität für Wirtschaft und Recht ,Oestrich-Winkel,"6.950,00",English,6 semesters,"Winter semester, Summer semester",,,,Oestrich-Winkel,Oestrich-Winkel,Hesse
67,68,Bachelor's degree,Bachelor's in International Business,https://www2.daad.de/deutschland/studienangebote/international-programmes/en/detail/3603/,Technische Hochschule Nürnberg Georg Simon Ohm ,Nürnberg,none,English,7 semesters,Winter semester,,,,Nuremberg,Nuremberg,Bavaria
68,69,Bachelor's degree,Bachelor's in International Business Administration (BIBA),https://www2.daad.de/deutschland/studienangebote/international-programmes/en/detail/4099/,WHU - Otto Beisheim School of Management ,Vallendar,,English,6 semesters,Winter semester,,,,Vallendar,Vallendar,Rhineland-Palatinate
69,70,Bachelor's degree,Bachelor's in International Business and Technology,https://www2.daad.de/deutschland/studienangebote/international-programmes/en/detail/4248/,Technische Hochschule Nürnberg Georg Simon Ohm ,Nürnberg,none,"German, English",7 semesters,Winter semester,,,,Nuremberg,Nuremberg,Bavaria
70,71,Bachelor's degree,Bachelor's in Management & Technology (BSc),https://www2.daad.de/deutschland/studienangebote/international-programmes/en/detail/4718/,Technische Universität München ,München,none,English,6 semesters,Winter semester,,,,Munich,Munich,Bavaria
71,72,Bachelor's degree,BEng in Business and Engineering,https://www2.daad.de/deutschland/studienangebote/international-programmes/en/detail/4472/,University of Applied Sciences Würzburg-Schweinfurt ,Schweinfurt,none,English,7 semesters,Winter semester,,,,Schweinfurt,Schweinfurt,Bavaria
72,73,Bachelor's degree,BEng in Logistics,https://www2.daad.de/deutschland/studienangebote/international-programmes/en/detail/4471/,University of Applied Sciences Würzburg-Schweinfurt ,Schweinfurt,none,English,7 semesters,Winter semester,,,,Schweinfurt,Schweinfurt,Bavaria
73,74,Bachelor's degree,BEng in Mechatronics,https://www2.daad.de/deutschland/studienangebote/international-programmes/en/detail/4772/,University of Applied Sciences Würzburg-Schweinfurt ,Schweinfurt,none,English,7 semesters,Winter semester,,,,Schweinfurt,Schweinfurt,Bavaria
74,75,Bachelor's degree,BEng in Robotics,https://www2.daad.de/deutschland/studienangebote/international-programmes/en/detail/6155/,University of Applied Sciences Würzburg-Schweinfurt ,Schweinfurt,none,English,7 semesters,Winter semester,,,,Schweinfurt,Schweinfurt,Bavaria
75,76,Bachelor's degree,Binational Bachelor in Teacher Education / Integrierter Studiengang Lehramt Primarstufe / Cursus Intégré Formation Transfrontalière d'Enseignants,https://www2.daad.de/deutschland/studienangebote/international-programmes/en/detail/4830/,University of Education Freiburg ,Freiburg im Breisgau,none,"German, French",6 semesters,Winter semester,,,,Freiburg im Breisgau,Freiburg im Breisgau,Baden-Württemberg
76,77,Bachelor's degree,Binational Bachelor of Teacher Education / Integrierter Bachelorstudiengang Lehramt Sekundarstufe 1 (German-French),https://www2.daad.de/deutschland/studienangebote/international-programmes/en/detail/5374/,University of Education Freiburg ,Freiburg im Breisgau,none,"German, French",6 semesters,Winter semester,,,,Freiburg im Breisgau,Freiburg im Breisgau,Baden-Württemberg
77,78,Bachelor's degree,Binational Bachelor's Degree in History - TübAix,https://www2.daad.de/deutschland/studienangebote/international-programmes/en/detail/4351/,University of Tübingen ,Tübingen,none,"German, French",6 semesters,"Winter semester, Summer semester",,,,Tübingen,Tübingen,Baden-Württemberg
78,79,Bachelor's degree,Binational Bachelor's in History (German-French) — Bielefeld-Paris Geschichte (BiPaG) BA,https://www2.daad.de/deutschland/studienangebote/international-programmes/en/detail/7144/,Bielefeld University ,Bielefeld,none,"German, French",6 semesters,Winter semester,,,,Bielefeld,Bielefeld,North Rhine-Westphalia
79,80,Bachelor's degree,"Bioengineering, BSc",https://www2.daad.de/deutschland/studienangebote/international-programmes/en/detail/4320/,Rhine-Waal University of Applied Sciences ,Kleve,none,English,7 semesters,Winter semester,,,,Kleve,Kleve,North Rhine-Westphalia
80,81,Bachelor's degree,"Biomaterials Science, BSc",https://www2.daad.de/deutschland/studienangebote/international-programmes/en/detail/4218/,Rhine-Waal University of Applied Sciences ,Kleve,none,English,7 semesters,Winter semester,,,,Kleve,Kleve,North Rhine-Westphalia
81,82,Bachelor's degree,BSc in Medicinal Chemistry & Chemical Biology (MCCB),https://www2.daad.de/deutschland/studienangebote/international-programmes/en/detail/4630/,Jacobs University Bremen ,Bremen,"10.000,00",English,6 semesters,Winter semester,,,,Bremen,Bremen,Bremen
82,83,Bachelor's degree,BSc Information Engineering,https://www2.daad.de/deutschland/studienangebote/international-programmes/en/detail/4022/,Hamburg University of Applied Sciences ,Hamburg,none,English,7 semesters,Winter semester,,,,Hamburg,Hamburg,Hamburg
83,84,Bachelor's degree,BSc Mechanical Engineering (International) at Carl Benz School of Engineering,https://www2.daad.de/deutschland/studienangebote/international-programmes/en/detail/3918/,Karlsruhe Institute of Technology ,Karlsruhe,"7.000,00",English,6 semesters,Winter semester,,,,Karlsruhe,Karlsruhe,Baden-Württemberg
84,85,Bachelor's degree,Business Administration,https://www2.daad.de/deutschland/studienangebote/international-programmes/en/detail/7023/,HWTK - University of Applied Sciences ,Berlin,"3.480,00",German,6 semesters,"Winter semester, Summer semester",,,,Berlin,Berlin,Berlin
85,86,Bachelor's degree,Business Administration / Digital Enterprise Management (BSc),https://www2.daad.de/deutschland/studienangebote/international-programmes/en/detail/4659/,Pforzheim University ,Pforzheim,"1.500,00","German, English",7 semesters,Winter semester,,,,Pforzheim,Pforzheim,Baden-Württemberg
86,87,Bachelor's degree,Business Administration with Informatics,https://www2.daad.de/deutschland/studienangebote/international-programmes/en/detail/3895/,South Westphalia University of Applied Sciences ,Soest,none,English,7 semesters,Winter semester,,,,Soest,Soest,North Rhine-Westphalia
87,88,Bachelor's degree,"Business Analytics (BSc), full-time",https://www2.daad.de/deutschland/studienangebote/international-programmes/en/detail/6949/,SRH University of Applied Sciences Hamm ,Leverkusen,"4.080,00",English,6 semesters,Winter semester,,,,Leverkusen,Leverkusen,North Rhine-Westphalia
88,89,Bachelor's degree,Business Analytics (full-time BSc),https://www2.daad.de/deutschland/studienangebote/international-programmes/en/detail/6944/,SRH University of Applied Sciences Hamm ,Hamm,"4.080,00",English,6 semesters,Winter semester,,,,Hamm,Hamm,North Rhine-Westphalia
89,90,Bachelor's degree,Business Economics,https://www2.daad.de/deutschland/studienangebote/international-programmes/en/detail/3744/,Martin Luther University Halle-Wittenberg ,Halle (Saale),none,English,6 semesters,Winter semester,,,,Halle (Saale),Halle (Saale),Saxony-Anhalt
90,91,Bachelor's degree,Business Informatics,https://www2.daad.de/deutschland/studienangebote/international-programmes/en/detail/7078/,HWTK - University of Applied Sciences ,Berlin,"3.480,00",German,6 semesters,Summer semester,,,,Berlin,Berlin,Berlin
91,92,Bachelor's degree,Business Management & Development,https://www2.daad.de/deutschland/studienangebote/international-programmes/en/detail/7080/,HWTK - University of Applied Sciences ,Berlin,"3.540,00",English,4 semesters,"Winter semester, Summer semester",Online,,,Berlin,Berlin,Berlin
92,93,Bachelor's degree,"Business Management (BSc), full-time",https://www2.daad.de/deutschland/studienangebote/international-programmes/en/detail/6424/,SRH University of Applied Sciences Hamm ,Hamm,"4.080,00",English,6 semesters,Winter semester,,,,Hamm,Hamm,North Rhine-Westphalia
93,94,Bachelor's degree,"Business Management (BSc), full-time",https://www2.daad.de/deutschland/studienangebote/international-programmes/en/detail/6947/,SRH University of Applied Sciences Hamm ,Leverkusen,"4.080,00",English,6 semesters,Winter semester,,,,Leverkusen,Leverkusen,North Rhine-Westphalia
94,95,Bachelor's degree,Citizenship and Civic Engagement (BA),https://www2.daad.de/deutschland/studienangebote/international-programmes/en/detail/6355/,Karlshochschule International University ,Karlsruhe,"4.140,00",English,6 semesters,Winter semester,,,,Karlsruhe,Karlsruhe,Baden-Württemberg
95,96,Bachelor's degree,Cognitive Science (BSc),https://www2.daad.de/deutschland/studienangebote/international-programmes/en/detail/3611/,Osnabrück University ,Osnabrück,none,"German, English",6 semesters,Winter semester,,,,Osnabrück,Osnabrück,Lower Saxony
96,97,Bachelor's degree,Comparative and European Law (Hanse Law School),https://www2.daad.de/deutschland/studienangebote/international-programmes/en/detail/7063/,University of Oldenburg ,Oldenburg,none,"German, English",8 semesters,Winter semester,,,,Oldenburg,Oldenburg,Lower Saxony
97,98,Bachelor's degree,Computer Engineering,https://www2.daad.de/deutschland/studienangebote/international-programmes/en/detail/6143/,University of Duisburg-Essen ,Duisburg,none,"German, English",6 semesters,Winter semester,,,,Duisburg,Duisburg,North Rhine-Westphalia
98,99,Bachelor's degree,Computer Science (CTS),https://www2.daad.de/deutschland/studienangebote/international-programmes/en/detail/4669/,Ulm University of Applied Sciences ,Ulm,,English,8 semesters,Winter semester,,,,Ulm,Ulm,Baden-Württemberg
99,100,Bachelor's degree,Creative Industries Management (BA),https://www2.daad.de/deutschland/studienangebote/international-programmes/en/detail/6218/,SRH Berlin University of Applied Sciences ,Berlin,"3.900,00",English,7 semesters,"Winter semester, Summer semester",,,,Berlin,Berlin,Berlin
100,101,Bachelor's degree,Development | Digital Products + Services (BA),https://www2.daad.de/deutschland/studienangebote/international-programmes/en/detail/7015/,SRH Berlin University of Applied Sciences ,Berlin,"3.900,00",English,7 semesters,"Winter semester, Summer semester",,,,Berlin,Berlin,Berlin
101,102,Bachelor's degree,Digital Games (Bachelor of Arts),https://www2.daad.de/deutschland/studienangebote/international-programmes/en/detail/4509/,TH Köln (University of Applied Sciences) ,Köln,none,English,7 semesters,Winter semester,,,,Cologne,Cologne,North Rhine-Westphalia
102,103,Bachelor's degree,Digital Media (BA),https://www2.daad.de/deutschland/studienangebote/international-programmes/en/detail/4561/,Leuphana University Lüneburg ,Lüneburg,none,English,6 semesters,Winter semester,,,,Lüneburg,Lüneburg,Lower Saxony
103,104,Bachelor's degree,Double Bachelor's Degree in Marine Engineering,https://www2.daad.de/deutschland/studienangebote/international-programmes/en/detail/6315/,"Hochschule Wismar - University of Applied Sciences, Technology, Business and Design ",Rostock,"1.150,00",English,7 semesters,Winter semester,,,,Rostock,Rostock,Mecklenburg-Western Pomerania
104,105,Bachelor's degree,Double Bachelor's Degree in Nautical Sciences,https://www2.daad.de/deutschland/studienangebote/international-programmes/en/detail/7059/,"Hochschule Wismar - University of Applied Sciences, Technology, Business and Design ",Rostock,"1.000,00",English,8 semesters,Winter semester,,,,Rostock,Rostock,Mecklenburg-Western Pomerania
105,106,Bachelor's degree,Economics (BSc),https://www2.daad.de/deutschland/studienangebote/international-programmes/en/detail/6960/,Leuphana University Lüneburg ,Lüneburg,none,English,6 semesters,Winter semester,,,,Lüneburg,Lüneburg,Lower Saxony
106,107,Bachelor's degree,EEIGM French-German Bachelor's Programme (Materials Science),https://www2.daad.de/deutschland/studienangebote/international-programmes/en/detail/4416/,Saarland University ,Saarbrücken,none,"German, French",6 semesters,Winter semester,,,,Saarbrücken,Saarbrücken,Saarland
107,108,Bachelor's degree,Electrical and Electronic Engineering,https://www2.daad.de/deutschland/studienangebote/international-programmes/en/detail/6150/,University of Duisburg-Essen ,Duisburg,none,"German, English",6 semesters,Winter semester,,,,Duisburg,Duisburg,North Rhine-Westphalia
108,109,Bachelor's degree,"Electrical and Electronics Engineering, BSc",https://www2.daad.de/deutschland/studienangebote/international-programmes/en/detail/4227/,Rhine-Waal University of Applied Sciences ,Kleve,none,English,7 semesters,Winter semester,,,,Kleve,Kleve,North Rhine-Westphalia
109,110,Bachelor's degree,Electrical Engineering and Information Technology,https://www2.daad.de/deutschland/studienangebote/international-programmes/en/detail/3993/,University of Applied Sciences Ravensburg-Weingarten ,Weingarten,"1.500,00","German, English",7 semesters,Summer semester,,,,Weingarten,Weingarten,Baden-Württemberg
110,111,Bachelor's degree,Electrical Engineering with a Focus on Automation and Industrial Internet of Things (BSc),https://www2.daad.de/deutschland/studienangebote/international-programmes/en/detail/3618/,Hochschule Mannheim - University of Applied Sciences ,Mannheim,"1.500,00","English, German",7 semesters,Winter semester,,,,Mannheim,Mannheim,Baden-Württemberg
111,112,Bachelor's degree,Electrical Engineering with a Focus on Power Engineering and Renewable Energies (BSc),https://www2.daad.de/deutschland/studienangebote/international-programmes/en/detail/3617/,Hochschule Mannheim - University of Applied Sciences ,Mannheim,"1.500,00","English, German",7 semesters,Winter semester,,,,Mannheim,Mannheim,Baden-Württemberg
112,113,Bachelor's degree,Electrical Systems Engineering,https://www2.daad.de/deutschland/studienangebote/international-programmes/en/detail/6320/,Heilbronn University of Applied Sciences ,Heilbronn,"1.500,00","German, English",7 semesters,Winter semester,,,,Heilbronn,Heilbronn,Baden-Württemberg
113,114,Bachelor's degree,Electromobility and Green Energy,https://www2.daad.de/deutschland/studienangebote/international-programmes/en/detail/4854/,University of Applied Sciences Ravensburg-Weingarten ,Weingarten,"1.500,00","German, English",7 semesters,Summer semester,,,,Weingarten,Weingarten,Baden-Württemberg
114,115,Bachelor's degree,Electronic Engineering,https://www2.daad.de/deutschland/studienangebote/international-programmes/en/detail/4876/,Hamm-Lippstadt University of Applied Sciences ,Lippstadt,none,English,7 semesters,Winter semester,,,,Lippstadt,Lippstadt,North Rhine-Westphalia
115,116,Bachelor's degree,Energy Systems Engineering (BEng),https://www2.daad.de/deutschland/studienangebote/international-programmes/en/detail/7019/,Deggendorf Institute of Technology ,Pfarrkirchen,none,English,7 semesters,Winter semester,,,,Pfarrkirchen,Pfarrkirchen,Bavaria
116,117,Bachelor's degree,Engineering and Management,https://www2.daad.de/deutschland/studienangebote/international-programmes/en/detail/5650/,Technische Hochschule Ingolstadt ,Ingolstadt,none,English,7 semesters,Winter semester,,,,Ingolstadt,Ingolstadt,Bavaria
117,118,Bachelor's degree,Engineering Science,https://www2.daad.de/deutschland/studienangebote/international-programmes/en/detail/3748/,Hamburg University of Technology ,Hamburg,none,English,7 semesters,Winter semester,,,,Hamburg,Hamburg,Hamburg
118,119,Bachelor's degree,"Environment and Energy, BSc",https://www2.daad.de/deutschland/studienangebote/international-programmes/en/detail/4223/,Rhine-Waal University of Applied Sciences ,Kamp-Lintfort,none,English,7 semesters,Winter semester,,,,Kamp-Lintfort,Kamp-Lintfort,North Rhine-Westphalia
119,120,Bachelor's degree,Environmental and Resource Management (BSc),https://www2.daad.de/deutschland/studienangebote/international-programmes/en/detail/4026/,Brandenburg University of Technology Cottbus-Senftenberg ,Cottbus,none,English,6 semesters,Winter semester,,,,Cottbus,Cottbus,Brandenburg
120,121,Bachelor's degree,European Business Programme (EBP),https://www2.daad.de/deutschland/studienangebote/international-programmes/en/detail/3910/,FH Münster – University of Applied Sciences ,Münster,none,"German, English",7 semesters,Winter semester,,,,Münster,Münster,North Rhine-Westphalia
121,122,Bachelor's degree,European Studies (BA),https://www2.daad.de/deutschland/studienangebote/international-programmes/en/detail/4188/,Otto von Guericke University Magdeburg ,Magdeburg,none,"German, English, Other teaching language",6 semesters,Winter semester,,,,Magdeburg,Magdeburg,Saxony-Anhalt
122,123,Bachelor's degree,Expanded Realities (BA),https://www2.daad.de/deutschland/studienangebote/international-programmes/en/detail/6195/,Hochschule Darmstadt University of Applied Sciences ,Dieburg,none,English,7 semesters,Winter semester,,,,Dieburg,Dieburg,Hesse
123,124,Bachelor's degree,Finance & Management (BSc),https://www2.daad.de/deutschland/studienangebote/international-programmes/en/detail/7068/,International School of Management (ISM) ,Frankfurt am Main,"5.280,00",English,6 semesters,"Winter semester, Summer semester",,,,Frankfurt am Main,Frankfurt am Main,Hesse
124,125,Bachelor's degree,"Franco-German Bachelor of Arts / Licence in German and French Language, Literature and Culture Mainz-Dijon",https://www2.daad.de/deutschland/studienangebote/international-programmes/en/detail/4508/,Johannes Gutenberg University Mainz ,Mainz,none,"German, French",6 semesters,"Winter semester, Summer semester",,,,Mainz,Mainz,Rhineland-Palatinate
125,126,Bachelor's degree,"Gender and Diversity, BA",https://www2.daad.de/deutschland/studienangebote/international-programmes/en/detail/4375/,Rhine-Waal University of Applied Sciences ,Kleve,none,English,7 semesters,Winter semester,,,,Kleve,Kleve,North Rhine-Westphalia
126,127,Bachelor's degree,German as a Foreign and Second Language,https://www2.daad.de/deutschland/studienangebote/international-programmes/en/detail/3602/,Bielefeld University ,Bielefeld,none,German,6 semesters,"Winter semester, Summer semester",,,,Bielefeld,Bielefeld,North Rhine-Westphalia
127,128,Bachelor's degree,German-French-Luxembourgish Study Course in Physics,https://www2.daad.de/deutschland/studienangebote/international-programmes/en/detail/6887/,Saarland University ,Saarbrücken,none,"German, English, French",6 semesters,Winter semester,,,,Saarbrücken,Saarbrücken,Saarland
128,129,Bachelor's degree,German-Italian Studies (BA),https://www2.daad.de/deutschland/studienangebote/international-programmes/en/detail/3846/,University of Bonn ,Bonn,none,"German, French, Italian, Spanish",6 semesters,Winter semester,,,,Bonn,Bonn,North Rhine-Westphalia
129,130,Bachelor's degree,German-Latin American Studies of Business Administration - CALA,https://www2.daad.de/deutschland/studienangebote/international-programmes/en/detail/3911/,FH Münster – University of Applied Sciences ,Münster,none,"German, English, Spanish, Other teaching language",7 semesters,Winter semester,,,,Münster,Münster,North Rhine-Westphalia
130,131,Bachelor's degree,Global Business and Economics (Bachelor of Science),https://www2.daad.de/deutschland/studienangebote/international-programmes/en/detail/4849/,FH Aachen University of Applied Sciences ,Aachen,none,English,6 semesters,Winter semester,,,,Aachen,Aachen,North Rhine-Westphalia
131,132,Bachelor's degree,Global Economics and Business Management,https://www2.daad.de/deutschland/studienangebote/international-programmes/en/detail/6921/,Technische Hochschule Ingolstadt ,Ingolstadt,none,"German, English, Other teaching language",7 semesters,Winter semester,,,,Ingolstadt,Ingolstadt,Bavaria
132,133,Bachelor's degree,Global Environmental and Sustainability Studies (BSc),https://www2.daad.de/deutschland/studienangebote/international-programmes/en/detail/5430/,Leuphana University Lüneburg ,Lüneburg,none,English,6 semesters,Winter semester,,,,Lüneburg,Lüneburg,Lower Saxony
133,134,Bachelor's degree,Global Information Management,https://www2.daad.de/deutschland/studienangebote/international-programmes/en/detail/6954/,University of Hildesheim Foundation ,Hildesheim,none,"German, English",8 semesters,Winter semester,,,,Hildesheim,Hildesheim,Lower Saxony
134,135,Bachelor's degree,"Globalisation, Governance and Law (BA)",https://www2.daad.de/deutschland/studienangebote/international-programmes/en/detail/7129/,Karlshochschule International University ,Karlsruhe,"4.140,00",English,6 semesters,Winter semester,,,,Karlsruhe,Karlsruhe,Baden-Württemberg
135,136,Bachelor's degree,Health Informatics (BSc),https://www2.daad.de/deutschland/studienangebote/international-programmes/en/detail/4822/,Deggendorf Institute of Technology ,Pfarrkirchen,none,English,7 semesters,Winter semester,,,,Pfarrkirchen,Pfarrkirchen,Bavaria
136,137,Bachelor's degree,"Health Information Management, Bachelor of Science (Bilingual)",https://www2.daad.de/deutschland/studienangebote/international-programmes/en/detail/6564/,Hochschule Hannover - University of Applied Sciences and Arts ,Hannover,none,"German, English",8 semesters,"Winter semester, Summer semester",,,,Hanover,Hanover,Lower Saxony
137,138,Bachelor's degree,Industrial Engineering (BEng),https://www2.daad.de/deutschland/studienangebote/international-programmes/en/detail/4668/,Deggendorf Institute of Technology ,Pfarrkirchen,none,English,7 semesters,Winter semester,,,,Pfarrkirchen,Pfarrkirchen,Bavaria
138,139,Bachelor's degree,"Industrial Engineering, BSc",https://www2.daad.de/deutschland/studienangebote/international-programmes/en/detail/4228/,Rhine-Waal University of Applied Sciences ,Kleve,none,English,7 semesters,Winter semester,,,,Kleve,Kleve,North Rhine-Westphalia
139,140,Bachelor's degree,Informatics,https://www2.daad.de/deutschland/studienangebote/international-programmes/en/detail/7051/,University of Applied Sciences Zwickau ,Zwickau,none,German,7 semesters,Winter semester,,,,Zwickau,Zwickau,Saxony
140,141,Bachelor's degree,"Information and Communication Design, BA",https://www2.daad.de/deutschland/studienangebote/international-programmes/en/detail/4221/,Rhine-Waal University of Applied Sciences ,Kamp-Lintfort,none,English,7 semesters,Winter semester,,,,Kamp-Lintfort,Kamp-Lintfort,North Rhine-Westphalia
141,142,Bachelor's degree,"Information Management, Bachelor of Arts (Bilingual)",https://www2.daad.de/deutschland/studienangebote/international-programmes/en/detail/6563/,Hochschule Hannover - University of Applied Sciences and Arts ,Hannover,none,"German, English",8 semesters,"Winter semester, Summer semester",,,,Hanover,Hanover,Lower Saxony
142,143,Bachelor's degree,Information Systems (BSc),https://www2.daad.de/deutschland/studienangebote/international-programmes/en/detail/7070/,International School of Management (ISM) ,Dortmund,"5.280,00",English,6 semesters,"Winter semester, Summer semester",,,,Dortmund,Dortmund,North Rhine-Westphalia
143,144,Bachelor's degree,Innovative Textiles,https://www2.daad.de/deutschland/studienangebote/international-programmes/en/detail/4501/,Hof University of Applied Sciences ,Münchberg,"1.500,00",English,7 semesters,Winter semester,,,,Münchberg,Münchberg,Bavaria
144,145,Bachelor's degree,Integrated Design (Bachelor of Arts),https://www2.daad.de/deutschland/studienangebote/international-programmes/en/detail/4040/,TH Köln (University of Applied Sciences) ,Köln,none,"German, English",7 semesters,Winter semester,,,,Cologne,Cologne,North Rhine-Westphalia
145,146,Bachelor's degree,"Intercultural Theology, Migration and Global Cooperation (ITMGC)",https://www2.daad.de/deutschland/studienangebote/international-programmes/en/detail/4755/,University of Applied Sciences for Intercultural Theology Hermannsburg ,Hermannsburg,"500,00",English,6 semesters,Winter semester,,,,Hanover,Hanover,Lower Saxony
146,147,Bachelor's degree,International and European Governance,https://www2.daad.de/deutschland/studienangebote/international-programmes/en/detail/4314/,University of Münster ,Münster,varied,"German, English, French",More than 9 semesters,Winter semester,,,,Münster,Münster,North Rhine-Westphalia
147,148,Bachelor's degree,International Business & Management (IBM),https://www2.daad.de/deutschland/studienangebote/international-programmes/en/detail/5651/,Fulda University of Applied Sciences ,Fulda,none,English,7 semesters,Winter semester,,,,Fulda,Fulda,Hesse
148,149,Bachelor's degree,International Business (BA),https://www2.daad.de/deutschland/studienangebote/international-programmes/en/detail/4331/,Karlshochschule International University ,Karlsruhe,"4.140,00",English,6 semesters,Winter semester,,,,Karlsruhe,Karlsruhe,Baden-Württemberg
149,150,Bachelor's degree,International Business (BA),https://www2.daad.de/deutschland/studienangebote/international-programmes/en/detail/4369/,SRH University Heidelberg ,Heidelberg,"4.020,00",English,6 semesters,Winter semester,,,,Heidelberg,Heidelberg,Baden-Württemberg
150,151,Bachelor's degree,International Business (BA) full-time,https://www2.daad.de/deutschland/studienangebote/international-programmes/en/detail/6358/,OTH Amberg-Weiden ,Weiden in der Oberpfalz,none,English,7 semesters,"Winter semester, Summer semester",,,,Weiden in der Oberpfalz,Weiden in der Oberpfalz,Bavaria
151,152,Bachelor's degree,International Business (Bachelor of Arts),https://www2.daad.de/deutschland/studienangebote/international-programmes/en/detail/6562/,htw saar - University of Applied Sciences ,Saarbrücken,none,English,6 semesters,Winter semester,,,,Saarbrücken,Saarbrücken,Saarland
152,153,Bachelor's degree,"International Business (Bachelor of Science, BSc)",https://www2.daad.de/deutschland/studienangebote/international-programmes/en/detail/3871/,Reutlingen University ,Reutlingen,varied,English,7 semesters,"Winter semester, Summer semester",,,,Reutlingen,Reutlingen,Baden-Württemberg
153,154,Bachelor's degree,International Business (BSc),https://www2.daad.de/deutschland/studienangebote/international-programmes/en/detail/5225/,Hochschule Bonn-Rhein-Sieg ,Sankt Augustin,none,English,7 semesters,Winter semester,,,,Sankt Augustin,Sankt Augustin,North Rhine-Westphalia
154,155,Bachelor's degree,International Business Administration,https://www2.daad.de/deutschland/studienangebote/international-programmes/en/detail/3730/,European University Viadrina ,Frankfurt (Oder),none,"German, English",6 semesters,Winter semester,,,,Frankfurt (Oder),Frankfurt (Oder),Brandenburg
155,156,Bachelor's degree,International Business Administration & Entrepreneurship (BSc),https://www2.daad.de/deutschland/studienangebote/international-programmes/en/detail/4610/,Leuphana University Lüneburg ,Lüneburg,none,English,6 semesters,Winter semester,,,,Lüneburg,Lüneburg,Lower Saxony
156,157,Bachelor's degree,International Business Administration (BA),https://www2.daad.de/deutschland/studienangebote/international-programmes/en/detail/3838/,SRH Berlin University of Applied Sciences ,Berlin,"4.500,00",English,7 semesters,"Winter semester, Summer semester",,,,Berlin,Berlin,Berlin
157,158,Bachelor's degree,"International Business Administration, BA",https://www2.daad.de/deutschland/studienangebote/international-programmes/en/detail/4211/,Rhine-Waal University of Applied Sciences ,Kamp-Lintfort,none,English,7 semesters,Winter semester,,,,Kamp-Lintfort,Kamp-Lintfort,North Rhine-Westphalia
158,159,Bachelor's degree,International Business and Economics (IBE),https://www2.daad.de/deutschland/studienangebote/international-programmes/en/detail/3811/,Otto von Guericke University Magdeburg ,Magdeburg,none,English,6 semesters,Winter semester,,,,Magdeburg,Magdeburg,Saxony-Anhalt
159,160,Bachelor's degree,"International Business and Management, BA",https://www2.daad.de/deutschland/studienangebote/international-programmes/en/detail/4210/,Rhine-Waal University of Applied Sciences ,Kleve,none,English,7 semesters,Winter semester,,,,Kleve,Kleve,North Rhine-Westphalia
160,161,Bachelor's degree,International Business Information Systems (BSc),https://www2.daad.de/deutschland/studienangebote/international-programmes/en/detail/6487/,Furtwangen University ,Furtwangen im Schwarzwald,varied,English,7 semesters,Summer semester,,,,Furtwangen im Schwarzwald,Furtwangen im Schwarzwald,Baden-Württemberg
161,162,Bachelor's degree,International Business Management,https://www2.daad.de/deutschland/studienangebote/international-programmes/en/detail/3831/,Hochschule für Wirtschaft und Recht Berlin ,Berlin,none,English,8 semesters,"Winter semester, Summer semester",,,,Berlin,Berlin,Berlin
162,163,Bachelor's degree,International Business Management (BA),https://www2.daad.de/deutschland/studienangebote/international-programmes/en/detail/5692/,Hochschule Fresenius - University of Applied Sciences ,Köln,"5.370,00",English,6 semesters,"Winter semester, Summer semester",,,,Cologne,Cologne,North Rhine-Westphalia
163,164,Bachelor's degree,International Business Management (BA),https://www2.daad.de/deutschland/studienangebote/international-programmes/en/detail/5693/,Hochschule Fresenius - University of Applied Sciences ,Berlin,"5.370,00",English,6 semesters,"Winter semester, Summer semester",,,,Berlin,Berlin,Berlin
164,165,Bachelor's degree,International Business Management (BA),https://www2.daad.de/deutschland/studienangebote/international-programmes/en/detail/5694/,Hochschule Fresenius - University of Applied Sciences ,München,"5.370,00",English,6 semesters,"Winter semester, Summer semester",,,,Munich,Munich,Bavaria
165,166,Bachelor's degree,International Business Management (BA),https://www2.daad.de/deutschland/studienangebote/international-programmes/en/detail/6958/,Hochschule Fresenius - University of Applied Sciences ,Düsseldorf,"5.370,00",English,6 semesters,"Winter semester, Summer semester",,,,Düsseldorf,Düsseldorf,North Rhine-Westphalia
166,167,Bachelor's degree,International Business Studies (BSc),https://www2.daad.de/deutschland/studienangebote/international-programmes/en/detail/6913/,FAU Erlangen-Nürnberg ,Nürnberg,none,English,6 semesters,Winter semester,,,,Nuremberg,Nuremberg,Bavaria
167,168,Bachelor's degree,International Civil Engineering (ICE),https://www2.daad.de/deutschland/studienangebote/international-programmes/en/detail/7151/,Mainz University of Applied Sciences ,Mainz,none,"German, English",7 semesters,Winter semester,,,,Mainz,Mainz,Rhineland-Palatinate
168,169,Bachelor's degree,International Degree Programme – Shipping and Chartering BA,https://www2.daad.de/deutschland/studienangebote/international-programmes/en/detail/5463/,Bremen University of Applied Sciences ,Bremen,none,English,7 semesters,Winter semester,,,,Bremen,Bremen,Bremen
169,170,Bachelor's degree,International Economic Studies (BSc),https://www2.daad.de/deutschland/studienangebote/international-programmes/en/detail/6914/,FAU Erlangen-Nürnberg ,Nürnberg,none,English,6 semesters,Winter semester,,,,Nuremberg,Nuremberg,Bavaria
170,171,Bachelor's degree,International Forest Ecosystem Management (IFEM),https://www2.daad.de/deutschland/studienangebote/international-programmes/en/detail/6357/,University for Sustainable Development Eberswalde ,Eberswalde,none,"German, English",6 semesters,Winter semester,,,,Eberswalde,Eberswalde,Brandenburg
171,172,Bachelor's degree,International Health Sciences,https://www2.daad.de/deutschland/studienangebote/international-programmes/en/detail/4883/,Fulda University of Applied Sciences ,Fulda,none,"German, English",7 semesters,Winter semester,,,,Fulda,Fulda,Hesse
172,173,Bachelor's degree,International Hotel Management (BA),https://www2.daad.de/deutschland/studienangebote/international-programmes/en/detail/4414/,SRH Berlin University of Applied Sciences ,Dresden,"3.540,00",English,7 semesters,"Winter semester, Summer semester",,,,Dresden,Dresden,Saxony
173,174,Bachelor's degree,International Information Systems,https://www2.daad.de/deutschland/studienangebote/international-programmes/en/detail/7126/,Augsburg University of Applied Sciences ,Augsburg,none,"German, English",7 semesters,Winter semester,,,,Augsburg,Augsburg,Bavaria
174,175,Bachelor's degree,International Management,https://www2.daad.de/deutschland/studienangebote/international-programmes/en/detail/7079/,HWTK - University of Applied Sciences ,Berlin,"3.720,00",English,6 semesters,Winter semester,Online,,,Berlin,Berlin,Berlin
175,176,Bachelor's degree,International Management (BA),https://www2.daad.de/deutschland/studienangebote/international-programmes/en/detail/3619/,Osnabrück University of Applied Sciences ,Osnabrück,none,English,6 semesters,Winter semester,,,,Osnabrück,Osnabrück,Lower Saxony
176,177,Bachelor's degree,International Management (BA),https://www2.daad.de/deutschland/studienangebote/international-programmes/en/detail/3832/,Deggendorf Institute of Technology ,Deggendorf,none,English,7 semesters,Winter semester,,,,Deggendorf,Deggendorf,Bavaria
177,178,Bachelor's degree,International Management (BSc),https://www2.daad.de/deutschland/studienangebote/international-programmes/en/detail/5259/,International School of Management (ISM) ,Dortmund,"5.280,00",English,6 semesters,"Winter semester, Summer semester",,,,Dortmund,Dortmund,North Rhine-Westphalia
178,179,Bachelor's degree,International Physics Studies Programme (IPSP),https://www2.daad.de/deutschland/studienangebote/international-programmes/en/detail/3917/,Leipzig University ,Leipzig,none,English,6 semesters,Winter semester,,,,Leipzig,Leipzig,Saxony
179,180,Bachelor's degree,International Relations (BA),https://www2.daad.de/deutschland/studienangebote/international-programmes/en/detail/4629/,Karlshochschule International University ,Karlsruhe,"4.140,00",English,6 semesters,Winter semester,,,,Karlsruhe,Karlsruhe,Baden-Württemberg
180,181,Bachelor's degree,"International Relations, BA",https://www2.daad.de/deutschland/studienangebote/international-programmes/en/detail/4216/,Rhine-Waal University of Applied Sciences ,Kleve,none,English,7 semesters,Winter semester,,,,Kleve,Kleve,North Rhine-Westphalia
181,182,Bachelor's degree,"International Taxation and Law, BA",https://www2.daad.de/deutschland/studienangebote/international-programmes/en/detail/4217/,Rhine-Waal University of Applied Sciences ,Kleve,none,English,7 semesters,Winter semester,,,,Kleve,Kleve,North Rhine-Westphalia
182,183,Bachelor's degree,International Tourism Management / Health & Medical Tourism (BA),https://www2.daad.de/deutschland/studienangebote/international-programmes/en/detail/4595/,Deggendorf Institute of Technology ,Pfarrkirchen,none,"English, German",7 semesters,Winter semester,,,,Pfarrkirchen,Pfarrkirchen,Bavaria
183,184,Bachelor's degree,ISMN International Ship Management – Nautical Sciences,https://www2.daad.de/deutschland/studienangebote/international-programmes/en/detail/4409/,Bremen University of Applied Sciences ,Bremen,none,"English, German",7 semesters,Winter semester,,,,Bremen,Bremen,Bremen
184,185,Bachelor's degree,Leisure and Tourism Management (LTM),https://www2.daad.de/deutschland/studienangebote/international-programmes/en/detail/6454/,Stralsund University of Applied Sciences ,Stralsund,none,"German, English",8 semesters,Winter semester,,,,Stralsund,Stralsund,Mecklenburg-Western Pomerania
185,186,Bachelor's degree,Liberal Arts and Sciences (BA/BSc) at University College Freiburg,https://www2.daad.de/deutschland/studienangebote/international-programmes/en/detail/4368/,University of Freiburg ,Freiburg im Breisgau,varied,English,8 semesters,Winter semester,,,,Freiburg im Breisgau,Freiburg im Breisgau,Baden-Württemberg
186,187,Bachelor's degree,Management (BA),https://www2.daad.de/deutschland/studienangebote/international-programmes/en/detail/5279/,Karlshochschule International University ,Karlsruhe,"4.140,00","German, English",6 semesters,Winter semester,,,,Karlsruhe,Karlsruhe,Baden-Württemberg
187,188,Bachelor's degree,Management International (German-French Programme (BA and MA)),https://www2.daad.de/deutschland/studienangebote/international-programmes/en/detail/3855/,Hochschule für Wirtschaft und Recht Berlin ,Berlin,none,"German, English, French",More than 9 semesters,Winter semester,,,,Berlin,Berlin,Berlin
188,189,Bachelor's degree,Mechanical Engineering,https://www2.daad.de/deutschland/studienangebote/international-programmes/en/detail/6151/,University of Duisburg-Essen ,Duisburg,none,"German, English",6 semesters,Winter semester,,,,Duisburg,Duisburg,North Rhine-Westphalia
189,190,Bachelor's degree,"Mechanical Engineering, BSc",https://www2.daad.de/deutschland/studienangebote/international-programmes/en/detail/4219/,Rhine-Waal University of Applied Sciences ,Kleve,none,English,7 semesters,Winter semester,,,,Kleve,Kleve,North Rhine-Westphalia
190,191,Bachelor's degree,"Mechatronic Systems Engineering, BSc",https://www2.daad.de/deutschland/studienangebote/international-programmes/en/detail/4220/,Rhine-Waal University of Applied Sciences ,Kleve,none,English,7 semesters,Winter semester,,,,Kleve,Kleve,North Rhine-Westphalia
191,192,Bachelor's degree,Mechatronics and Robotics,https://www2.daad.de/deutschland/studienangebote/international-programmes/en/detail/6265/,Heilbronn University of Applied Sciences ,Heilbronn,"1.500,00","German, English",7 semesters,Winter semester,,,,Heilbronn,Heilbronn,Baden-Württemberg
192,193,Bachelor's degree,Metallurgy and Metal Forming,https://www2.daad.de/deutschland/studienangebote/international-programmes/en/detail/6152/,University of Duisburg-Essen ,Duisburg,none,"German, English",6 semesters,Winter semester,,,,Duisburg,Duisburg,North Rhine-Westphalia
193,194,Bachelor's degree,"Mobility and Logistics, BSc",https://www2.daad.de/deutschland/studienangebote/international-programmes/en/detail/4222/,Rhine-Waal University of Applied Sciences ,Kamp-Lintfort,none,English,7 semesters,Winter semester,,,,Kamp-Lintfort,Kamp-Lintfort,North Rhine-Westphalia
194,195,Bachelor's degree,"Modern China, Bachelor of Arts (BA)",https://www2.daad.de/deutschland/studienangebote/international-programmes/en/detail/6088/,Julius-Maximilians-Universität Würzburg ,Würzburg,,"German, English, Chinese",6 semesters,Winter semester,,,,Würzburg,Würzburg,Bavaria
195,196,Bachelor's degree,Motion Pictures,https://www2.daad.de/deutschland/studienangebote/international-programmes/en/detail/6224/,Hochschule Darmstadt University of Applied Sciences ,Dieburg,none,"German, English",7 semesters,Winter semester,,,,Dieburg,Dieburg,Hesse
196,197,Bachelor's degree,Music Production (BA),https://www2.daad.de/deutschland/studienangebote/international-programmes/en/detail/7002/,SRH Berlin University of Applied Sciences ,Berlin,"4.500,00",English,7 semesters,Summer semester,,,,Berlin,Berlin,Berlin
197,198,Bachelor's degree,Nautical Science (Nautik und Seeverkehr),https://www2.daad.de/deutschland/studienangebote/international-programmes/en/detail/6918/,Hochschule Emden/Leer - University of Applied Sciences ,Leer (Ostfriesland),none,"German, English",8 semesters,Summer semester,,,,Leer,Leer,Lower Saxony
198,199,Bachelor's degree,Photography (BA),https://www2.daad.de/deutschland/studienangebote/international-programmes/en/detail/6216/,SRH Berlin University of Applied Sciences ,Berlin,"4.500,00",English,7 semesters,"Winter semester, Summer semester",,,,Berlin,Berlin,Berlin
199,200,Bachelor's degree,Physical Engineering,https://www2.daad.de/deutschland/studienangebote/international-programmes/en/detail/5220/,University of Applied Sciences Ravensburg-Weingarten ,Weingarten,"1.500,00","German, English",7 semesters,Summer semester,,,,Weingarten,Weingarten,Baden-Württemberg
200,201,Bachelor's degree,Political Science (BA),https://www2.daad.de/deutschland/studienangebote/international-programmes/en/detail/6962/,Leuphana University Lüneburg ,Lüneburg,none,English,6 semesters,Winter semester,,,,Lüneburg,Lüneburg,Lower Saxony
201,202,Bachelor's degree,"Politics, Philosophy and Economics (BA)",https://www2.daad.de/deutschland/studienangebote/international-programmes/en/detail/5645/,Karlshochschule International University ,Karlsruhe,"4.140,00",English,6 semesters,Winter semester,,,,Karlsruhe,Karlsruhe,Baden-Württemberg
202,203,Bachelor's degree,Popular Music (BMus),https://www2.daad.de/deutschland/studienangebote/international-programmes/en/detail/6220/,SRH Berlin University of Applied Sciences ,Berlin,"4.500,00",English,7 semesters,Summer semester,,,,Berlin,Berlin,Berlin
203,204,Bachelor's degree,Print Media Technologies,https://www2.daad.de/deutschland/studienangebote/international-programmes/en/detail/6156/,Hochschule der Medien ,Stuttgart,varied,English,7 semesters,Winter semester,,,,Stuttgart,Stuttgart,Baden-Württemberg
204,205,Bachelor's degree,Psychology (BSc),https://www2.daad.de/deutschland/studienangebote/international-programmes/en/detail/6961/,Leuphana University Lüneburg ,Lüneburg,none,English,6 semesters,Winter semester,,,,Lüneburg,Lüneburg,Lower Saxony
205,206,Bachelor's degree,Science & Engineering,https://www2.daad.de/deutschland/studienangebote/international-programmes/en/detail/4754/,Fulda University of Applied Sciences ,Fulda,none,"German, English",8 semesters,Winter semester,,,,Fulda,Fulda,Hesse
206,207,Bachelor's degree,"Social Sciences (German-French), BA",https://www2.daad.de/deutschland/studienangebote/international-programmes/en/detail/3835/,University of Stuttgart ,Stuttgart,varied,"German, French, English",6 semesters,Winter semester,,,,Stuttgart,Stuttgart,Baden-Württemberg
207,208,Bachelor's degree,Structural Engineering,https://www2.daad.de/deutschland/studienangebote/international-programmes/en/detail/6153/,University of Duisburg-Essen ,Duisburg,none,"German, English",6 semesters,Winter semester,,,,Duisburg,Duisburg,North Rhine-Westphalia
208,209,Bachelor's degree,Studium Individuale (Bachelor's),https://www2.daad.de/deutschland/studienangebote/international-programmes/en/detail/6308/,Leuphana University Lüneburg ,Lüneburg,none,English,6 semesters,Winter semester,,,,Lüneburg,Lüneburg,Lower Saxony
209,210,Bachelor's degree,"Supply Chain Management (BSc), full-time",https://www2.daad.de/deutschland/studienangebote/international-programmes/en/detail/6425/,SRH University of Applied Sciences Hamm ,Hamm,"4.080,00",English,6 semesters,Winter semester,,,,Hamm,Hamm,North Rhine-Westphalia
210,211,Bachelor's degree,"Supply Chain Management (BSc), full-time",https://www2.daad.de/deutschland/studienangebote/international-programmes/en/detail/6948/,SRH University of Applied Sciences Hamm ,Leverkusen,"4.080,00",English,6 semesters,Winter semester,,,,Leverkusen,Leverkusen,North Rhine-Westphalia
211,212,Bachelor's degree,"Sustainable Agriculture, BSc",https://www2.daad.de/deutschland/studienangebote/international-programmes/en/detail/4212/,Rhine-Waal University of Applied Sciences ,Kleve,none,English,7 semesters,Winter semester,,,,Kleve,Kleve,North Rhine-Westphalia
212,213,Bachelor's degree,Sustainable Business and Technology,https://www2.daad.de/deutschland/studienangebote/international-programmes/en/detail/4705/,Trier University of Applied Sciences ,Hoppstädten-Weiersbach,none,English,6 semesters,Winter semester,,,,Birkenfeld,Birkenfeld,Rhineland-Palatinate
213,214,Bachelor's degree,Sustainable Energy Systems,https://www2.daad.de/deutschland/studienangebote/international-programmes/en/detail/5219/,Hochschule Emden/Leer - University of Applied Sciences ,Emden,none,"German, English",7 semesters,Winter semester,,,,Emden,Emden,Lower Saxony
214,215,Bachelor's degree,"Textile and Clothing Management, Bachelor of Science",https://www2.daad.de/deutschland/studienangebote/international-programmes/en/detail/4309/,Hochschule Niederrhein - University of Applied Sciences ,Krefeld,none,English,7 semesters,Winter semester,,,,Krefeld,Krefeld,North Rhine-Westphalia
215,216,Bachelor's degree,Transatlantic Double Bachelor in Materials Science and Mechanical Engineering (Atlantis),https://www2.daad.de/deutschland/studienangebote/international-programmes/en/detail/6096/,Saarland University ,Saarbrücken,,"German, English",8 semesters,"Winter semester, Summer semester",,,,Saarbrücken,Saarbrücken,Saarland
216,217,Bachelor's degree,World Literature (BSc),https://www2.daad.de/deutschland/studienangebote/international-programmes/en/detail/5208/,University of Göttingen ,Göttingen,none,"German, English",6 semesters,Winter semester,,,,Göttingen,Göttingen,Lower Saxony
